Workbook
Name Employmenttype: List!$A$1
Name Employment: List!$A$1:$A$3
Name jobtitle: List!$E:$E
Name gender: List!$D:$D
Name department: List!$C:$C
Name location: List!$B:$B

Sheet Original data data
A1: employee_id | B1: full_name | C1: gender | D1: department | E1: job_title | F1: employment_type | G1: location | H1: hire_date | I1: monthly_salary_bdt | J1: manager_id
A2: E0001 | B2: Lamia Talukder | C2: Female | D2: Sales | E2: Sales Associate | F2: Full-time | G2: Khulna | H2: 42776 | I2: 97605
A3: E0002 | B3: Ayesha Hasan | C3: Male | D3: Customer Success | E3: Support Specialist | F3: Intern | G3: Khulna | H3: 45178 | I3: 57499 | J3: E0890
A4: E0003 | B4: Sajid Rasheed | C4: Male | D4: Finance | E4: Finance Manager | F4: Full-time | G4: Remote | H4: 43874 | I4: 136659 | J4: E0990
A5: E0004 | B5: Shawon Rana | C5: Male | D5: HR | E5: HR Business Partner | F5: Full-time | G5: Sylhet | H5: 44600 | I5: 115085 | J5: E0982
A6: E0005 | B6: Zahid Morshed | C6: Female | D6: Engineering | E6: DevOps Engineer | F6: Full-time | G6: Dhaka | H6: 45011 | I6: 164000 | J6: E0741
A7: E0006 | B7: Rashed Uddin | C7: Female | D7: Engineering | E7: QA Engineer | F7: Full-time | G7: Dhaka | H7: 43839 | I7: 113810 | J7: E0775
A8: E0007 | B8: Karim Islam | C8: Female | D8: Engineering | E8: QA Engineer | F8: Contract | G8: Sylhet | H8: 42618 | I8: 148804 | J8: E0102
A9: E0008 | B9: Imran Ferdous | C9: Male | D9: Operations | E9: Operations Manager | F9: Full-time | G9: Khulna | H9: 44000 | I9: 163417 | J9: E0646
A10: E0009 | B10: Ayesha Biswas | C10: Male | D10: HR | E10: HR Associate | F10: Full-time | G10: Dhaka | H10: 43500 | I10: 59023 | J10: E0314
A11: E0010 | B11: Mitu Haider | C11: Male | D11: Finance | E11: Financial Analyst | F11: Full-time | G11: Chattogram | H11: 43147 | I11: 184800 | J11: E0380
A12: E0011 | B12: Lamia Ferdous | C12: Male | D12: Engineering | E12: Software Engineer | F12: Intern | G12: Remote | H12: 42870 | I12: 76400 | J12: E0648
A13: E0012 | B13: Sumaiya Parvin | C13: Male | D13: Customer Success | E13: Customer Success Manager | F13: Full-time | G13: Dhaka | H13: 45843 | I13: 91466 | J13: E0816
A14: E0013 | B14: Priya Mahmud | C14: Male | D14: Operations | E14: Operations Manager | F14: Contract | G14: Khulna | H14: 45745 | I14: 144623 | J14: E0396
... A36: E0035 | B36: Fahim Biswas | C36: Male | D36: Customer Success | E36: Support Associate | F36: Full-time | G36: Dhaka | H36: 44771 | I36: 116624 | J36: E0865
A37: E0036 | B37: Zahid Banu | C37: Female | D37: Operations | E37: Supply Chain Analyst | F37: Full-time | G37: Chattogram | H37: 43254 | I37: 77427
A38: E0037 | B38: Shawon Anjum | C38: Female | D38: Product | E38: Associate Product Manager | F38: Contract | G38: Dhaka | H38: 45700 | I38: 317015 | J38: E0380
A39: E0038 | B39: Mahin Miah | C39: Female | D39: Engineering | E39: QA Engineer | F39: Full-time | G39: Rajshahi | H39: 43324 | I39: 206071 | J39: E0701
A40: E0039 | B40: Sadia Biswas | C40: Female | D40: Finance | E40: Accounts Executive | F40: Contract | G40: Rajshahi | H40: 43715 | I40: 132584
A41: E0040 | B41: Shafiq Sadiq | C41: Female | D41: Sales | E41: Account Executive | F41: Full-time | G41: Rajshahi | H41: 45541 | I41: 74566 | J41: E0849
A42: E0041 | B42: Noman Khan | C42: Female | D42: Engineering | E42: Senior Software Engineer | F42: Full-time | G42: Khulna | H42: 42974 | I42: 164307 | J42: E0251
A43: E0042 | B43: Esha Amin | C43: Male | D43: Marketing | E43: SEO Specialist | F43: Full-time | G43: Khulna | H43: 45600 | I43: 143885 | J43: E0141
A44: E0043 | B44: Ovi Islam | C44: Male | D44: Engineering | E44: Software Engineer | F44: Full-time | G44: Remote | H44: 44811 | I44: 151772 | J44: E0736
A45: E0044 | B45: Fahim Jahan | C45: Male | D45: Customer Success | E45: Support Specialist | F45: Full-time | G45: Rajshahi | H45: 42381 | I45: 72635 | J45: E0186
A46: E0045 | B46: Rahim Akter | C46: Male | D46: Product | E46: Senior Product Manager | F46: Full-time | G46: Chattogram | H46: 43505 | I46: 228086 | J46: E0025
A47: E0046 | B47: Mitu Sharmin | C47: Male | D47: HR | E47: HR Business Partner | F47: Full-time | G47: Rajshahi | H47: 45886 | I47: 117000 | J47: E0456
A48: E0047 | B48: Noman Amin | C48: Male | D48: Product | E48: Product Analyst | F48: Full-time | G48: Rajshahi | H48: 42962 | I48: 104908 | J48: E0927
A49: E0048 | B49: Tania Ahmed | C49: Male | D49: Marketing | E49: Marketing Associate | F49: Full-time | G49: Khulna | H49: 42902 | I49: 134577 | J49: E0592
A50: E0049 | B50: Tasnim Shah | C50: Female | D50: Marketing | E50: Marketing Manager | F50: Full-time | G50: Chattogram | H50: 44582 | I50: 211918 | J50: E0783
A51: E0050 | B51: Rahim Rasheed | C51: Male | D51: Engineering | E51: Junior Software Engineer | F51: Full-time | G51: Dhaka | H51: 43396 | I51: 173897 | J51: E0383
A52: E0051 | B52: Noman Sultana | C52: Male | D52: Customer Success | E52: Customer Success Manager | F52: Contract | G52: Remote | H52: 45640 | I52: 121481 | J52: E0849
... A54: E0053 | B54: Shawon Akter | C54: Male | D54: Customer Success | E54: Customer Success Manager | F54: Full-time | G54: Sylhet | H54: 42820 | I54: 173570 | J54: E0701
A55: E0054 | B55: Tamanna Rahman | C55: Female | D55: Operations | E55: Operations Manager | F55: Full-time | G55: Dhaka | H55: 45077 | I55: 147590
A56: E0055 | B56: Tania Amin | C56: Female | D56: HR | E56: HR Manager | F56: Full-time | G56: Sylhet | H56: 42475 | I56: 138544 | J56: E0425
A57: E0056 | B57: Sadia Rasheed | C57: Female | D57: Customer Success | E57: Support Associate | F57: Full-time | G57: Rajshahi | H57: 42909 | I57: 89940 | J57: E0728
A58: E0057 | B58: Shawon Miah | C58: Male | D58: Engineering | E58: QA Engineer | F58: Full-time | G58: Rajshahi | H58: 42430 | I58: 209299 | J58: E0580
A59: E0058 | B59: Ayesha Parvin | C59: Female | D59: Engineering | E59: Software Engineer | F59: Full-time | G59: Remote | H59: 43837 | I59: 96715
A60: E0059 | B60: Sadia Miah | C60: Male | D60: Engineering | E60: Senior Software Engineer | F60: Full-time | G60: Remote | H60: 45605 | I60: 165688 | J60: E0184
A61: E0060 | B61: Nafiz Morshed | C61: Male | D61: Sales | E61: Senior Account Executive | F61: Full-time | G61: Remote | H61: 45599 | I61: 95553 | J61: E0839
A62: E0061 | B62: Fahim Biswas | C62: Non-binary | D62: Sales | E62: Sales Manager | F62: Full-time | G62: Dhaka | H62: 43344 | I62: 225796 | J62: E0453
A63: E0062 | B63: Fahim Hasan | C63: Female | D63: Product | E63: Senior Product Manager | F63: Full-time | G63: Remote | H63: 44781 | I63: 164207 | J63: E0980
A64: E0063 | B64: Tasnim Alam | C64: Female | D64: Operations | E64: Operations Manager | F64: Full-time | G64: Rajshahi | H64: 43696 | I64: 157208 | J64: E0756
A65: E0064 | B65: Lamia Biswas | C65: Female | D65: Sales | E65: Account Executive | F65: Full-time | G65: Sylhet | H65: 42434 | I65: 205545 | J65: E0797
A66: E0065 | B66: Sadia Akter | C66: Female | D66: Product | E66: Associate Product Manager | F66: Contract | G66: Khulna | H66: 43083 | I66: 331486 | J66: E0782
A67: E0066 | B67: Ovi Khan | C67: Female | D67: Marketing | E67: SEO Specialist | F67: Intern | G67: Khulna | H67: 43456 | I67: 134863 | J67: E0831
A68: E0067 | B68: Imran Islam | C68: Male | D68: Engineering | E68: Software Engineer | F68: Full-time | G68: Remote | H68: 42584 | I68: 96418 | J68: E0179
A69: E0068 | B69: Sumaiya Alam | C69: Male | D69: Operations | E69: Operations Associate | F69: Full-time | G69: Khulna | H69: 42889 | I69: 117217 | J69: E0161
A70: E0069 | B70: Tania Ahmed | C70: Male | D70: Engineering | E70: Software Engineer | F70: Full-time | G70: Dhaka | H70: 45408 | I70: 119297 | J70: E0065
A71: E0070 | B71: Priya Talukder | C71: Male | D71: Customer Success | E71: Support Associate | F71: Full-time | G71: Dhaka | H71: 44094 | I71: 96180 | J71: E0159
... A89: E0088 | B89: Mitu Chowdhury | C89: Male | D89: HR | E89: HR Associate | F89: Full-time | G89: Rajshahi | H89: 45578 | I89: 136974 | J89: E0404
A90: E0089 | B90: Nabila Sultana | C90: Male | D90: Operations | E90: Operations Manager | F90: Full-time | G90: Sylhet | H90: 45068 | I90: 127230
A91: E0090 | B91: Tamanna Parvin | C91: Male | D91: Marketing | E91: Marketing Associate | F91: Contract | G91: Rajshahi | H91: 44505 | I91: 147356 | J91: E0196
A92: E0091 | B92: Nafiz Ferdous | C92: Male | D92: Engineering | E92: Engineering Manager | F92: Full-time | G92: Remote | H92: 43605 | I92: 161402 | J92: E0330
A93: E0092 | B93: Nabila Sharmin | C93: Female | D93: Finance | E93: Senior Financial Analyst | F93: Intern | G93: Khulna | H93: 44246 | I93: 233536 | J93: E0197
A94: E0093 | B94: Rafi Sultana | C94: Female | D94: Finance | E94: Senior Financial Analyst | F94: Full-time | G94: Dhaka | H94: 45005 | I94: 257374 | J94: E0657
A95: E0094 | B95: Arif Miah | C95: Male | D95: Marketing | E95: Growth Marketer | F95: Full-time | G95: Khulna | H95: 42497 | I95: 91158 | J95: E0592
A96: E0095 | B96: Shawon Ferdous | C96: Male | D96: Operations | E96: Operations Associate | F96: Full-time | G96: Khulna | H96: 42619 | I96: 106333 | J96: E0684
A97: E0096 | B97: Fahim Sharmin | C97: Male | D97: Marketing | E97: Marketing Associate | F97: Full-time | G97: Remote | H97: 44331 | I97: 75235
A98: E0097 | B98: Sadia Rasheed | C98: Prefer not to say | D98: Marketing | E98: Marketing Associate | F98: Contract | G98: Dhaka | H98: 45840 | I98: 60785 | J98: E0453
A99: E0098 | B99: Rashed Talukder | C99: Male | D99: Sales | E99: Sales Associate | F99: Full-time | G99: Dhaka | H99: 44015 | I99: 55786 | J99: E0672
A100: E0099 | B100: Karim Shah | C100: Non-binary | D100: Engineering | E100: DevOps Engineer | F100: Full-time | G100: Sylhet | H100: 44116 | I100: 134271 | J100: E0663
A101: E0100 | B101: Sadia Sadiq | C101: Female | D101: Engineering | E101: Software Engineer | F101: Full-time | G101: Sylhet | H101: 45180 | I101: 156178 | J101: E0045
A102: E0101 | B102: Rafi Parvin | C102: Male | D102: Engineering | E102: Junior Software Engineer | F102: Contract | G102: Rajshahi | H102: 42812 | I102: 131877 | J102: E0314
A103: E0102 | B103: Shafiq Hossain | C103: Female | D103: HR | E103: HR Manager | F103: Full-time | G103: Chattogram | H103: 44378 | I103: 138408 | J103: E0855
A104: E0103 | B104: Esha Rana | C104: Female | D104: Product | E104: Senior Product Manager | F104: Contract | G104: Khulna | H104: 45287 | I104: 253791 | J104: E0383
A105: E0104 | B105: Zahid Sharmin | C105: Male | D105: Marketing | E105: Marketing Manager | F105: Full-time | G105: Khulna | H105: 44186 | I105: 234882 | J105: E0774
A106: E0105 | B106: Rafi Khan | C106: Male | D106: Customer Success | E106: Customer Success Manager | F106: Full-time | G106: Dhaka | H106: 42671 | I106: 171732 | J106: E0980
A107: E0106 | B107: Rafi Miah | C107: Female | D107: Product | E107: Product Analyst | F107: Full-time | G107: Khulna | H107: 42700 | I107: 124374 | J107: E0828
A108: E0107 | B108: Ovi Haider | C108: Male | D108: Sales | E108: Account Executive | F108: Full-time | G108: Khulna | H108: 43689 | I108: 180577 | J108: E0861
A109: E0108 | B109: Nabila Sadiq | C109: Male | D109: Finance | E109: Senior Financial Analyst | F109: Full-time | G109: Dhaka | H109: 44861 | I109: 214709 | J109: E0500
A110: E0109 | B110: Rafi Banu | C110: Male | D110: Product | E110: Product Manager | F110: Full-time | G110: Remote | H110: 42977 | I110: 272489
A111: E0110 | B111: Nadia Sarker | C111: Female | D111: Engineering | E111: Junior Software Engineer | F111: Full-time | G111: Rajshahi | H111: 42639 | I111: 179920 | J111: E0179
A112: E0111 | B112: Shafiq Anjum | C112: Female | D112: Product | E112: Senior Product Manager | F112: Full-time | G112: Khulna | H112: 42886 | I112: 274622 | J112: E0080
A113: E0112 | B113: Tamanna Sultana | C113: Male | D113: Engineering | E113: Software Engineer | F113: Full-time | G113: Khulna | H113: 43496 | I113: 115486 | J113: E0156
A114: E0113 | B114: Imran Shah | C114: Male | D114: Customer Success | E114: Support Associate | F114: Full-time | G114: Chattogram | H114: 44927 | I114: 47847 | J114: E0828
A115: E0114 | B115: Arif Mahmud | C115: Male | D115: Operations | E115: Supply Chain Analyst | F115: Full-time | G115: Dhaka | H115: 44963 | I115: 150407 | J115: E0008
A116: E0115 | B116: Sumaiya Sharmin | C116: Female | D116: HR | E116: HR Business Partner | F116: Intern | G116: Khulna | H116: 44767 | I116: 75402 | J116: E0190
A117: E0116 | B117: Zahid Rasheed | C117: Female | D117: Operations | E117: Supply Chain Analyst | F117: Full-time | G117: Chattogram | H117: 44616 | I117: 90308 | J117: E0831
A118: E0117 | B118: Shawon Rana | C118: Male | D118: Operations | E118: Operations Associate | F118: Full-time | G118: Remote | H118: 45286 | I118: 93271 | J118: E0728
A119: E0118 | B119: Noman Morshed | C119: Female | D119: Engineering | E119: DevOps Engineer | F119: Intern | G119: Khulna | H119: 43701 | I119: 166489 | J119: E0102
A120: E0119 | B120: Shawon Akter | C120: Female | D120: Operations | E120: Operations Associate | F120: Full-time | G120: Dhaka | H120: 43930 | I120: 127253 | J120: E0881
A121: E0120 | B121: Jannat Ahmed | C121: Male | D121: Marketing | E121: Marketing Associate | F121: Full-time | G121: Khulna | H121: 44816 | I121: 156698 | J121: E0780
A122: E0121 | B122: Karim Banu | C122: Female | D122: Operations | E122: Operations Manager | F122: Full-time | G122: Chattogram | H122: 44543 | I122: 105032 | J122: E0684
... A124: E0123 | B124: Jannat Akter | C124: Female | D124: Product | E124: Senior Product Manager | F124: Full-time | G124: Khulna | H124: 44228 | I124: 223604 | J124: E0150
A125: E0124 | B125: Noman Chowdhury | C125: Male | D125: Engineering | E125: DevOps Engineer | F125: Full-time | G125: Rajshahi | H125: 44440 | I125: 116353
A126: E0125 | B126: Tasnim Sadiq | C126: Male | D126: Product | E126: Product Manager | F126: Full-time | G126: Dhaka | H126: 44849 | I126: 323393 | J126: E0037
A127: E0126 | B127: Arif Sultana | C127: Male | D127: Sales | E127: Account Executive | F127: Full-time | G127: Sylhet | H127: 44132 | I127: 204089
A128: E0127 | B128: Sajid Islam | C128: Male | D128: Operations | E128: Operations Associate | F128: Full-time | G128: Sylhet | H128: 42776 | I128: 115492
A129: E0128 | B129: Mahin Khan | C129: Female | D129: Operations | E129: Supply Chain Analyst | F129: Full-time | G129: Sylhet | H129: 45618 | I129: 63509 | J129: E0585
A130: E0129 | B130: Mitu Ferdous | C130: Female | D130: Engineering | E130: Software Engineer | F130: Full-time | G130: Rajshahi | H130: 45244 | I130: 150359
A131: E0130 | B131: Nabila Rana | C131: Female | D131: Marketing | E131: Content Specialist | F131: Full-time | G131: Sylhet | H131: 42838 | I131: 188137 | J131: E0979
A132: E0131 | B132: Tania Biswas | C132: Male | D132: Sales | E132: Senior Account Executive | F132: Full-time | G132: Chattogram | H132: 45863 | I132: 180052 | J132: E0383
A133: E0132 | B133: Lamia Haider | C133: Male | D133: Product | E133: Associate Product Manager | F133: Full-time | G133: Dhaka | H133: 45051 | I133: 331014 | J133: E0407
A134: E0133 | B134: Karim Rana | C134: Female | D134: Engineering | E134: Junior Software Engineer | F134: Full-time | G134: Rajshahi | H134: 45036 | I134: 150872 | J134: E0016
A135: E0134 | B135: Tasnim Talukder | C135: Female | D135: Sales | E135: Sales Associate | F135: Full-time | G135: Khulna | H135: 45519 | I135: 74066 | J135: E0109
A136: E0135 | B136: Rafi Mahmud | C136: Male | D136: Customer Success | E136: Support Specialist | F136: Full-time | G136: Chattogram | H136: 44628 | I136: 71853 | J136: E0672
A137: E0136 | B137: Sajid Kabir | C137: Male | D137: Sales | E137: Sales Associate | F137: Full-time | G137: Rajshahi | H137: 45322 | I137: 145378 | J137: E0061
A138: E0137 | B138: Nadia Sultana | C138: Male | D138: Marketing | E138: SEO Specialist | F138: Intern | G138: Dhaka | H138: 43250 | I138: 80214 | J138: E0630
A139: E0138 | B139: Nadia Talukder | C139: Female | D139: Finance | E139: Financial Analyst | F139: Full-time | G139: Remote | H139: 44131 | I139: 153114
A140: E0139 | B140: Sumaiya Banu | C140: Female | D140: Sales | E140: Account Executive | F140: Full-time | G140: Chattogram | H140: 44219 | I140: 107540 | J140: E0357
...

Sheet abc_inc_employees_master
A1: employee_id | B1: full_name | C1: gender | D1: department | E1: job_title | F1: employment_type | G1: location | H1: hire_date | I1: monthly_salary_bdt | J1: manager_id | K1: Temporary column | L1: Median | M1: Tenure | N1: Tenure groups
A2: E0001 | B2: Lamia Talukder | C2: Female | D2: Sales | E2: Sales Associate | F2: Full-time | G2: Khulna | H2: 42776 | I2: 97605 | K2: =A2&B2&C2&D2&E2&F2&G2&H2&I2&J2&[1]Sheet1!$G$5 -> E0001Lamia TalukderFemaleSalesSales AssociateFull-timeKhulna4277697605Sylhet | L2: =MEDIAN(I2:I1001) -> 134130 | M2: =DATEDIF(H2,TODAY(),"Y") -> 9 | N2: =IF(M2<=2,"New",IF(M2<=5,"Mid level",IF(M2<=10,"Experienced","Long term"))) -> Experienced
A3: E0002 | B3: Ayesha Hasan | C3: Male | D3: Customer Success | E3: Support Specialist | F3: Intern | G3: Khulna | H3: 45178 | I3: 57499 | J3: E0890 | K3: =A3&B3&C3&D3&E3&F3&G3&H3&I3&J3&[1]Sheet1!$G$5 -> E0002Ayesha HasanMaleCustomer SuccessSupport SpecialistInternKhulna4517857499E0890Sylhet | L3: =MEDIAN(I3:I1002) -> 134271 | M3: =DATEDIF(H3,TODAY(),"Y") -> 2 | N3: =IF(M3<=2,"New",IF(M3<=5,"Mid level",IF(M3<=10,"Experienced","Long term"))) -> New
A4: E0003 | B4: Sajid Rasheed | C4: Male | D4: Finance | E4: Finance Manager | F4: Full-time | G4: Remote | H4: 43874 | I4: 136659 | J4: E0990 | K4: =A4&B4&C4&D4&E4&F4&G4&H4&I4&J4&[1]Sheet1!$G$5 -> E0003Sajid RasheedMaleFinanceFinance ManagerFull-timeRemote43874136659E0990Sylhet | L4: =MEDIAN(I4:I1003) -> 134276 | M4: =DATEDIF(H4,TODAY(),"Y") -> 6 | N4: =IF(M4<=2,"New",IF(M4<=5,"Mid level",IF(M4<=10,"Experienced","Long term"))) -> Experienced
A5: E0004 | B5: Shawon Rana | C5: Male | D5: HR | E5: HR Business Partner | F5: Full-time | G5: Sylhet | H5: 44600 | I5: 115085 | J5: E0982 | K5: =A5&B5&C5&D5&E5&F5&G5&H5&I5&J5&[1]Sheet1!$G$5 -> E0004Shawon RanaMaleHRHR Business PartnerFull-timeSylhet44600115085E0982Sylhet | L5: =MEDIAN(I5:I1004) -> 134271 | M5: =DATEDIF(H5,TODAY(),"Y") -> 4 | N5: =IF(M5<=2,"New",IF(M5<=5,"Mid level",IF(M5<=10,"Experienced","Long term"))) -> Mid level
A6: E0005 | B6: Zahid Morshed | C6: Female | D6: Engineering | E6: DevOps Engineer | F6: Full-time | G6: Dhaka | H6: 45011 | I6: 164000 | J6: E0741 | K6: =A6&B6&C6&D6&E6&F6&G6&H6&I6&J6&[1]Sheet1!$G$5 -> E0005Zahid MorshedFemaleEngineeringDevOps EngineerFull-timeDhaka45011164000E0741Sylhet | L6: =MEDIAN(I6:I1005) -> 134276 | M6: =DATEDIF(H6,TODAY(),"Y") -> 2 | N6: =IF(M6<=2,"New",IF(M6<=5,"Mid level",IF(M6<=10,"Experienced","Long term"))) -> New
A7: E0006 | B7: Rashed Uddin | C7: Female | D7: Engineering | E7: QA Engineer | F7: Full-time | G7: Dhaka | H7: 43839 | I7: 113810 | J7: E0775 | K7: =A7&B7&C7&D7&E7&F7&G7&H7&I7&J7&[1]Sheet1!$G$5 -> E0006Rashed UddinFemaleEngineeringQA EngineerFull-timeDhaka43839113810E0775Sylhet | L7: =MEDIAN(I7:I1006) -> 134271 | M7: =DATEDIF(H7,TODAY(),"Y") -> 6 | N7: =IF(M7<=2,"New",IF(M7<=5,"Mid level",IF(M7<=10,"Experienced","Long term"))) -> Experienced
A8: E0007 | B8: Karim Islam | C8: Female | D8: Engineering | E8: QA Engineer | F8: Contract | G8: Sylhet | H8: 42618 | I8: 148804 | J8: E0102 | K8: =A8&B8&C8&D8&E8&F8&G8&H8&I8&J8&[1]Sheet1!$G$5 -> E0007Karim IslamFemaleEngineeringQA EngineerContractSylhet42618148804E0102Sylhet | L8: =MEDIAN(I8:I1007) -> 134276 | M8: =DATEDIF(H8,TODAY(),"Y") -> 9 | N8: =IF(M8<=2,"New",IF(M8<=5,"Mid level",IF(M8<=10,"Experienced","Long term"))) -> Experienced
A9: E0008 | B9: Imran Ferdous | C9: Male | D9: Operations | E9: Operations Manager | F9: Full-time | G9: Khulna | H9: 44000 | I9: 163417 | J9: E0646 | K9: =A9&B9&C9&D9&E9&F9&G9&H9&I9&J9&[1]Sheet1!$G$5 -> E0008Imran FerdousMaleOperationsOperations ManagerFull-timeKhulna44000163417E0646Sylhet | L9: =MEDIAN(I9:I1008) -> 134271 | M9: =DATEDIF(H9,TODAY(),"Y") -> 5 | N9: =IF(M9<=2,"New",IF(M9<=5,"Mid level",IF(M9<=10,"Experienced","Long term"))) -> Mid level
A10: E0009 | B10: Ayesha Biswas | C10: Male | D10: HR | E10: HR Associate | F10: Full-time | G10: Dhaka | H10: 43500 | I10: 59023 | J10: E0314 | K10: =A10&B10&C10&D10&E10&F10&G10&H10&I10&J10&[1]Sheet1!$G$5 -> E0009Ayesha BiswasMaleHRHR AssociateFull-timeDhaka4350059023E0314Sylhet | L10: =MEDIAN(I10:I1009) -> 134130 | M10: =DATEDIF(H10,TODAY(),"Y") -> 7 | N10: =IF(M10<=2,"New",IF(M10<=5,"Mid level",IF(M10<=10,"Experienced","Long term"))) -> Experienced
A11: E0010 | B11: Mitu Haider | C11: Male | D11: Finance | E11: Financial Analyst | F11: Full-time | G11: Chattogram | H11: 43147 | I11: 184800 | J11: E0380 | K11: =A11&B11&C11&D11&E11&F11&G11&H11&I11&J11&[1]Sheet1!$G$5 -> E0010Mitu HaiderMaleFinanceFinancial AnalystFull-timeChattogram43147184800E0380Sylhet | L11: =MEDIAN(I11:I1010) -> 134271 | M11: =DATEDIF(H11,TODAY(),"Y") -> 8 | N11: =IF(M11<=2,"New",IF(M11<=5,"Mid level",IF(M11<=10,"Experienced","Long term"))) -> Experienced
A12: E0011 | B12: Lamia Ferdous | C12: Male | D12: Engineering | E12: Software Engineer | F12: Intern | G12: Remote | H12: 42870 | I12: 76400 | J12: E0648 | K12: =A12&B12&C12&D12&E12&F12&G12&H12&I12&J12&[1]Sheet1!$G$5 -> E0011Lamia FerdousMaleEngineeringSoftware EngineerInternRemote4287076400E0648Sylhet | L12: =MEDIAN(I12:I1011) -> 134130 | M12: =DATEDIF(H12,TODAY(),"Y") -> 8 | N12: =IF(M12<=2,"New",IF(M12<=5,"Mid level",IF(M12<=10,"Experienced","Long term"))) -> Experienced
A13: E0012 | B13: Sumaiya Parvin | C13: Male | D13: Customer Success | E13: Customer Success Manager | F13: Full-time | G13: Dhaka | H13: 45843 | I13: 91466 | J13: E0816 | K13: =A13&B13&C13&D13&E13&F13&G13&H13&I13&J13&[1]Sheet1!$G$5 -> E0012Sumaiya ParvinMaleCustomer SuccessCustomer Success ManagerFull-timeDhaka4584391466E0816Sylhet | L13: =MEDIAN(I13:I1012) -> 134271 | M13: =DATEDIF(H13,TODAY(),"Y") -> 0 | N13: =IF(M13<=2,"New",IF(M13<=5,"Mid level",IF(M13<=10,"Experienced","Long term"))) -> New
A14: E0013 | B14: Priya Mahmud | C14: Male | D14: Operations | E14: Operations Manager | F14: Contract | G14: Khulna | H14: 45745 | I14: 144623 | J14: E0396 | K14: =A14&B14&C14&D14&E14&F14&G14&H14&I14&J14&[1]Sheet1!$G$5 -> E0013Priya MahmudMaleOperationsOperations ManagerContractKhulna45745144623E0396Sylhet | L14: =MEDIAN(I14:I1013) -> 134276 | M14: =DATEDIF(H14,TODAY(),"Y") -> 0 | N14: =IF(M14<=2,"New",IF(M14<=5,"Mid level",IF(M14<=10,"Experienced","Long term"))) -> New
... A36: E0035 | B36: Fahim Biswas | C36: Male | D36: Customer Success | E36: Support Associate | F36: Full-time | G36: Dhaka | H36: 44771 | I36: 116624 | J36: E0865 | K36: =A36&B36&C36&D36&E36&F36&G36&H36&I36&J36&[1]Sheet1!$G$5 -> E0035Fahim BiswasMaleCustomer SuccessSupport AssociateFull-timeDhaka44771116624E0865Sylhet | L36: =MEDIAN(I36:I1035) -> 134130 | M36: =DATEDIF(H36,TODAY(),"Y") -> 3 | N36: =IF(M36<=2,"New",IF(M36<=5,"Mid level",IF(M36<=10,"Experienced","Long term"))) -> Mid level
A37: E0036 | B37: Zahid Banu | C37: Female | D37: Operations | E37: Supply Chain Analyst | F37: Full-time | G37: Chattogram | H37: 43254 | I37: 77427 | K37: =A37&B37&C37&D37&E37&F37&G37&H37&I37&J37&[1]Sheet1!$G$5 -> E0036Zahid BanuFemaleOperationsSupply Chain AnalystFull-timeChattogram4325477427Sylhet | L37: =MEDIAN(I37:I1036) -> 134271 | M37: =DATEDIF(H37,TODAY(),"Y") -> 7 | N37: =IF(M37<=2,"New",IF(M37<=5,"Mid level",IF(M37<=10,"Experienced","Long term"))) -> Experienced
A38: E0037 | B38: Shawon Anjum | C38: Female | D38: Product | E38: Associate Product Manager | F38: Contract | G38: Dhaka | H38: 45700 | I38: 317015 | J38: E0380 | K38: =A38&B38&C38&D38&E38&F38&G38&H38&I38&J38&[1]Sheet1!$G$5 -> E0037Shawon AnjumFemaleProductAssociate Product ManagerContractDhaka45700317015E0380Sylhet | L38: =MEDIAN(I38:I1037) -> 134276 | M38: =DATEDIF(H38,TODAY(),"Y") -> 1 | N38: =IF(M38<=2,"New",IF(M38<=5,"Mid level",IF(M38<=10,"Experienced","Long term"))) -> New
A39: E0038 | B39: Mahin Miah | C39: Female | D39: Engineering | E39: QA Engineer | F39: Full-time | G39: Rajshahi | H39: 43324 | I39: 206071 | J39: E0701 | K39: =A39&B39&C39&D39&E39&F39&G39&H39&I39&J39&[1]Sheet1!$G$5 -> E0038Mahin MiahFemaleEngineeringQA EngineerFull-timeRajshahi43324206071E0701Sylhet | L39: =MEDIAN(I39:I1038) -> 134271 | M39: =DATEDIF(H39,TODAY(),"Y") -> 7 | N39: =IF(M39<=2,"New",IF(M39<=5,"Mid level",IF(M39<=10,"Experienced","Long term"))) -> Experienced
A40: E0039 | B40: Sadia Biswas | C40: Female | D40: Finance | E40: Accounts Executive | F40: Contract | G40: Rajshahi | H40: 43715 | I40: 132584 | K40: =A40&B40&C40&D40&E40&F40&G40&H40&I40&J40&[1]Sheet1!$G$5 -> E0039Sadia BiswasFemaleFinanceAccounts ExecutiveContractRajshahi43715132584Sylhet | L40: =MEDIAN(I40:I1039) -> 134130 | M40: =DATEDIF(H40,TODAY(),"Y") -> 6 | N40: =IF(M40<=2,"New",IF(M40<=5,"Mid level",IF(M40<=10,"Experienced","Long term"))) -> Experienced
A41: E0040 | B41: Shafiq Sadiq | C41: Female | D41: Sales | E41: Account Executive | F41: Full-time | G41: Rajshahi | H41: 45541 | I41: 74566 | J41: E0849 | K41: =A41&B41&C41&D41&E41&F41&G41&H41&I41&J41&[1]Sheet1!$G$5 -> E0040Shafiq SadiqFemaleSalesAccount ExecutiveFull-timeRajshahi4554174566E0849Sylhet | L41: =MEDIAN(I41:I1040) -> 134271 | M41: =DATEDIF(H41,TODAY(),"Y") -> 1 | N41: =IF(M41<=2,"New",IF(M41<=5,"Mid level",IF(M41<=10,"Experienced","Long term"))) -> New
A42: E0041 | B42: Noman Khan | C42: Female | D42: Engineering | E42: Senior Software Engineer | F42: Full-time | G42: Khulna | H42: 42974 | I42: 164307 | J42: E0251 | K42: =A42&B42&C42&D42&E42&F42&G42&H42&I42&J42&[1]Sheet1!$G$5 -> E0041Noman KhanFemaleEngineeringSenior Software EngineerFull-timeKhulna42974164307E0251Sylhet | L42: =MEDIAN(I42:I1041) -> 134276 | M42: =DATEDIF(H42,TODAY(),"Y") -> 8 | N42: =IF(M42<=2,"New",IF(M42<=5,"Mid level",IF(M42<=10,"Experienced","Long term"))) -> Experienced
A43: E0042 | B43: Esha Amin | C43: Male | D43: Marketing | E43: SEO Specialist | F43: Full-time | G43: Khulna | H43: 45600 | I43: 143885 | J43: E0141 | K43: =A43&B43&C43&D43&E43&F43&G43&H43&I43&J43&[1]Sheet1!$G$5 -> E0042Esha AminMaleMarketingSEO SpecialistFull-timeKhulna45600143885E0141Sylhet | L43: =MEDIAN(I43:I1042) -> 134271 | M43: =DATEDIF(H43,TODAY(),"Y") -> 1 | N43: =IF(M43<=2,"New",IF(M43<=5,"Mid level",IF(M43<=10,"Experienced","Long term"))) -> New
A44: E0043 | B44: Ovi Islam | C44: Male | D44: Engineering | E44: Software Engineer | F44: Full-time | G44: Remote | H44: 44811 | I44: 151772 | J44: E0736 | K44: =A44&B44&C44&D44&E44&F44&G44&H44&I44&J44&[1]Sheet1!$G$5 -> E0043Ovi IslamMaleEngineeringSoftware EngineerFull-timeRemote44811151772E0736Sylhet | L44: =MEDIAN(I44:I1043) -> 134130 | M44: =DATEDIF(H44,TODAY(),"Y") -> 3 | N44: =IF(M44<=2,"New",IF(M44<=5,"Mid level",IF(M44<=10,"Experienced","Long term"))) -> Mid level
A45: E0044 | B45: Fahim Jahan | C45: Male | D45: Customer Success | E45: Support Specialist | F45: Full-time | G45: Rajshahi | H45: 42381 | I45: 72635 | J45: E0186 | K45: =A45&B45&C45&D45&E45&F45&G45&H45&I45&J45&[1]Sheet1!$G$5 -> E0044Fahim JahanMaleCustomer SuccessSupport SpecialistFull-timeRajshahi4238172635E0186Sylhet | L45: =MEDIAN(I45:I1044) -> 133989 | M45: =DATEDIF(H45,TODAY(),"Y") -> 10 | N45: =IF(M45<=2,"New",IF(M45<=5,"Mid level",IF(M45<=10,"Experienced","Long term"))) -> Experienced
A46: E0045 | B46: Rahim Akter | C46: Male | D46: Product | E46: Senior Product Manager | F46: Full-time | G46: Chattogram | H46: 43505 | I46: 228086 | J46: E0025 | K46: =A46&B46&C46&D46&E46&F46&G46&H46&I46&J46&[1]Sheet1!$G$5 -> E0045Rahim AkterMaleProductSenior Product ManagerFull-timeChattogram43505228086E0025Sylhet | L46: =MEDIAN(I46:I1045) -> 134130 | M46: =DATEDIF(H46,TODAY(),"Y") -> 7 | N46: =IF(M46<=2,"New",IF(M46<=5,"Mid level",IF(M46<=10,"Experienced","Long term"))) -> Experienced
A47: E0046 | B47: Mitu Sharmin | C47: Male | D47: HR | E47: HR Business Partner | F47: Full-time | G47: Rajshahi | H47: 45886 | I47: 117000 | J47: E0456 | K47: =A47&B47&C47&D47&E47&F47&G47&H47&I47&J47&[1]Sheet1!$G$5 -> E0046Mitu SharminMaleHRHR Business PartnerFull-timeRajshahi45886117000E0456Sylhet | L47: =MEDIAN(I47:I1046) -> 133989 | M47: =DATEDIF(H47,TODAY(),"Y") -> 0 | N47: =IF(M47<=2,"New",IF(M47<=5,"Mid level",IF(M47<=10,"Experienced","Long term"))) -> New
A48: E0047 | B48: Noman Amin | C48: Male | D48: Product | E48: Product Analyst | F48: Full-time | G48: Rajshahi | H48: 42962 | I48: 104908 | J48: E0927 | K48: =A48&B48&C48&D48&E48&F48&G48&H48&I48&J48&[1]Sheet1!$G$5 -> E0047Noman AminMaleProductProduct AnalystFull-timeRajshahi42962104908E0927Sylhet | L48: =MEDIAN(I48:I1047) -> 134130 | M48: =DATEDIF(H48,TODAY(),"Y") -> 8 | N48: =IF(M48<=2,"New",IF(M48<=5,"Mid level",IF(M48<=10,"Experienced","Long term"))) -> Experienced
A49: E0048 | B49: Tania Ahmed | C49: Male | D49: Marketing | E49: Marketing Associate | F49: Full-time | G49: Khulna | H49: 42902 | I49: 134577 | J49: E0592 | K49: =A49&B49&C49&D49&E49&F49&G49&H49&I49&J49&[1]Sheet1!$G$5 -> E0048Tania AhmedMaleMarketingMarketing AssociateFull-timeKhulna42902134577E0592Sylhet | L49: =MEDIAN(I49:I1048) -> 134271 | M49: =DATEDIF(H49,TODAY(),"Y") -> 8 | N49: =IF(M49<=2,"New",IF(M49<=5,"Mid level",IF(M49<=10,"Experienced","Long term"))) -> Experienced
A50: E0049 | B50: Tasnim Shah | C50: Female | D50: Marketing | E50: Marketing Manager | F50: Full-time | G50: Chattogram | H50: 44582 | I50: 211918 | J50: E0783 | K50: =A50&B50&C50&D50&E50&F50&G50&H50&I50&J50&[1]Sheet1!$G$5 -> E0049Tasnim ShahFemaleMarketingMarketing ManagerFull-timeChattogram44582211918E0783Sylhet | L50: =MEDIAN(I50:I1049) -> 134130 | M50: =DATEDIF(H50,TODAY(),"Y") -> 4 | N50: =IF(M50<=2,"New",IF(M50<=5,"Mid level",IF(M50<=10,"Experienced","Long term"))) -> Mid level
A51: E0050 | B51: Rahim Rasheed | C51: Male | D51: Engineering | E51: Junior Software Engineer | F51: Full-time | G51: Dhaka | H51: 43396 | I51: 173897 | J51: E0383 | K51: =A51&B51&C51&D51&E51&F51&G51&H51&I51&J51&[1]Sheet1!$G$5 -> E0050Rahim RasheedMaleEngineeringJunior Software EngineerFull-timeDhaka43396173897E0383Sylhet | L51: =MEDIAN(I51:I1050) -> 133989 | M51: =DATEDIF(H51,TODAY(),"Y") -> 7 | N51: =IF(M51<=2,"New",IF(M51<=5,"Mid level",IF(M51<=10,"Experienced","Long term"))) -> Experienced
A52: E0051 | B52: Noman Sultana | C52: Male | D52: Customer Success | E52: Customer Success Manager | F52: Contract | G52: Remote | H52: 45640 | I52: 121481 | J52: E0849 | K52: =A52&B52&C52&D52&E52&F52&G52&H52&I52&J52&[1]Sheet1!$G$5 -> E0051Noman SultanaMaleCustomer SuccessCustomer Success ManagerContractRemote45640121481E0849Sylhet | L52: =MEDIAN(I52:I1051) -> 133901 | M52: =DATEDIF(H52,TODAY(),"Y") -> 1 | N52: =IF(M52<=2,"New",IF(M52<=5,"Mid level",IF(M52<=10,"Experienced","Long term"))) -> New
... A54: E0053 | B54: Shawon Akter | C54: Male | D54: Customer Success | E54: Customer Success Manager | F54: Full-time | G54: Sylhet | H54: 42820 | I54: 173570 | J54: E0701 | K54: =A54&B54&C54&D54&E54&F54&G54&H54&I54&J54&[1]Sheet1!$G$5 -> E0053Shawon AkterMaleCustomer SuccessCustomer Success ManagerFull-timeSylhet42820173570E0701Sylhet | L54: =MEDIAN(I54:I1053) -> 133901 | M54: =DATEDIF(H54,TODAY(),"Y") -> 8 | N54: =IF(M54<=2,"New",IF(M54<=5,"Mid level",IF(M54<=10,"Experienced","Long term"))) -> Experienced
A55: E0054 | B55: Tamanna Rahman | C55: Female | D55: Operations | E55: Operations Manager | F55: Full-time | G55: Dhaka | H55: 45077 | I55: 147590 | K55: =A55&B55&C55&D55&E55&F55&G55&H55&I55&J55&[1]Sheet1!$G$5 -> E0054Tamanna RahmanFemaleOperationsOperations ManagerFull-timeDhaka45077147590Sylhet | L55: =MEDIAN(I55:I1054) -> 133813 | M55: =DATEDIF(H55,TODAY(),"Y") -> 2 | N55: =IF(M55<=2,"New",IF(M55<=5,"Mid level",IF(M55<=10,"Experienced","Long term"))) -> New
A56: E0055 | B56: Tania Amin | C56: Female | D56: HR | E56: HR Manager | F56: Full-time | G56: Sylhet | H56: 42475 | I56: 138544 | J56: E0425 | K56: =A56&B56&C56&D56&E56&F56&G56&H56&I56&J56&[1]Sheet1!$G$5 -> E0055Tania AminFemaleHRHR ManagerFull-timeSylhet42475138544E0425Sylhet | L56: =MEDIAN(I56:I1055) -> 133779.5 | M56: =DATEDIF(H56,TODAY(),"Y") -> 9 | N56: =IF(M56<=2,"New",IF(M56<=5,"Mid level",IF(M56<=10,"Experienced","Long term"))) -> Experienced
A57: E0056 | B57: Sadia Rasheed | C57: Female | D57: Customer Success | E57: Support Associate | F57: Full-time | G57: Rajshahi | H57: 42909 | I57: 89940 | J57: E0728 | K57: =A57&B57&C57&D57&E57&F57&G57&H57&I57&J57&[1]Sheet1!$G$5 -> E0056Sadia RasheedFemaleCustomer SuccessSupport AssociateFull-timeRajshahi4290989940E0728Sylhet | L57: =MEDIAN(I57:I1056) -> 133746 | M57: =DATEDIF(H57,TODAY(),"Y") -> 8 | N57: =IF(M57<=2,"New",IF(M57<=5,"Mid level",IF(M57<=10,"Experienced","Long term"))) -> Experienced
A58: E0057 | B58: Shawon Miah | C58: Male | D58: Engineering | E58: QA Engineer | F58: Full-time | G58: Rajshahi | H58: 42430 | I58: 209299 | J58: E0580 | K58: =A58&B58&C58&D58&E58&F58&G58&H58&I58&J58&[1]Sheet1!$G$5 -> E0057Shawon MiahMaleEngineeringQA EngineerFull-timeRajshahi42430209299E0580Sylhet | L58: =MEDIAN(I58:I1057) -> 133779.5 | M58: =DATEDIF(H58,TODAY(),"Y") -> 10 | N58: =IF(M58<=2,"New",IF(M58<=5,"Mid level",IF(M58<=10,"Experienced","Long term"))) -> Experienced
A59: E0058 | B59: Ayesha Parvin | C59: Female | D59: Engineering | E59: Software Engineer | F59: Full-time | G59: Remote | H59: 43837 | I59: 96715 | K59: =A59&B59&C59&D59&E59&F59&G59&H59&I59&J59&[1]Sheet1!$G$5 -> E0058Ayesha ParvinFemaleEngineeringSoftware EngineerFull-timeRemote4383796715Sylhet | L59: =MEDIAN(I59:I1058) -> 133746 | M59: =DATEDIF(H59,TODAY(),"Y") -> 6 | N59: =IF(M59<=2,"New",IF(M59<=5,"Mid level",IF(M59<=10,"Experienced","Long term"))) -> Experienced
A60: E0059 | B60: Sadia Miah | C60: Male | D60: Engineering | E60: Senior Software Engineer | F60: Full-time | G60: Remote | H60: 45605 | I60: 165688 | J60: E0184 | K60: =A60&B60&C60&D60&E60&F60&G60&H60&I60&J60&[1]Sheet1!$G$5 -> E0059Sadia MiahMaleEngineeringSenior Software EngineerFull-timeRemote45605165688E0184Sylhet | L60: =MEDIAN(I60:I1059) -> 133779.5 | M60: =DATEDIF(H60,TODAY(),"Y") -> 1 | N60: =IF(M60<=2,"New",IF(M60<=5,"Mid level",IF(M60<=10,"Experienced","Long term"))) -> New
A61: E0060 | B61: Nafiz Morshed | C61: Male | D61: Sales | E61: Senior Account Executive | F61: Full-time | G61: Remote | H61: 45599 | I61: 95553 | J61: E0839 | K61: =A61&B61&C61&D61&E61&F61&G61&H61&I61&J61&[1]Sheet1!$G$5 -> E0060Nafiz MorshedMaleSalesSenior Account ExecutiveFull-timeRemote4559995553E0839Sylhet | L61: =MEDIAN(I61:I1060) -> 133746 | M61: =DATEDIF(H61,TODAY(),"Y") -> 1 | N61: =IF(M61<=2,"New",IF(M61<=5,"Mid level",IF(M61<=10,"Experienced","Long term"))) -> New
A62: E0061 | B62: Fahim Biswas | C62: Non-binary | D62: Sales | E62: Sales Manager | F62: Full-time | G62: Dhaka | H62: 43344 | I62: 225796 | J62: E0453 | K62: =A62&B62&C62&D62&E62&F62&G62&H62&I62&J62&[1]Sheet1!$G$5 -> E0061Fahim BiswasNon-binarySalesSales ManagerFull-timeDhaka43344225796E0453Sylhet | L62: =MEDIAN(I62:I1061) -> 133779.5 | M62: =DATEDIF(H62,TODAY(),"Y") -> 7 | N62: =IF(M62<=2,"New",IF(M62<=5,"Mid level",IF(M62<=10,"Experienced","Long term"))) -> Experienced
A63: E0062 | B63: Fahim Hasan | C63: Female | D63: Product | E63: Senior Product Manager | F63: Full-time | G63: Remote | H63: 44781 | I63: 164207 | J63: E0980 | K63: =A63&B63&C63&D63&E63&F63&G63&H63&I63&J63&[1]Sheet1!$G$5 -> E0062Fahim HasanFemaleProductSenior Product ManagerFull-timeRemote44781164207E0980Sylhet | L63: =MEDIAN(I63:I1062) -> 133746 | M63: =DATEDIF(H63,TODAY(),"Y") -> 3 | N63: =IF(M63<=2,"New",IF(M63<=5,"Mid level",IF(M63<=10,"Experienced","Long term"))) -> Mid level
A64: E0063 | B64: Tasnim Alam | C64: Female | D64: Operations | E64: Operations Manager | F64: Full-time | G64: Rajshahi | H64: 43696 | I64: 157208 | J64: E0756 | K64: =A64&B64&C64&D64&E64&F64&G64&H64&I64&J64&[1]Sheet1!$G$5 -> E0063Tasnim AlamFemaleOperationsOperations ManagerFull-timeRajshahi43696157208E0756Sylhet | L64: =MEDIAN(I64:I1063) -> 133741 | M64: =DATEDIF(H64,TODAY(),"Y") -> 6 | N64: =IF(M64<=2,"New",IF(M64<=5,"Mid level",IF(M64<=10,"Experienced","Long term"))) -> Experienced
A65: E0064 | B65: Lamia Biswas | C65: Female | D65: Sales | E65: Account Executive | F65: Full-time | G65: Sylhet | H65: 42434 | I65: 205545 | J65: E0797 | K65: =A65&B65&C65&D65&E65&F65&G65&H65&I65&J65&[1]Sheet1!$G$5 -> E0064Lamia BiswasFemaleSalesAccount ExecutiveFull-timeSylhet42434205545E0797Sylhet | L65: =MEDIAN(I65:I1064) -> 133736 | M65: =DATEDIF(H65,TODAY(),"Y") -> 10 | N65: =IF(M65<=2,"New",IF(M65<=5,"Mid level",IF(M65<=10,"Experienced","Long term"))) -> Experienced
A66: E0065 | B66: Sadia Akter | C66: Female | D66: Product | E66: Associate Product Manager | F66: Contract | G66: Khulna | H66: 43083 | I66: 331486 | J66: E0782 | K66: =A66&B66&C66&D66&E66&F66&G66&H66&I66&J66&[1]Sheet1!$G$5 -> E0065Sadia AkterFemaleProductAssociate Product ManagerContractKhulna43083331486E0782Sylhet | L66: =MEDIAN(I66:I1065) -> 133493.5 | M66: =DATEDIF(H66,TODAY(),"Y") -> 8 | N66: =IF(M66<=2,"New",IF(M66<=5,"Mid level",IF(M66<=10,"Experienced","Long term"))) -> Experienced
A67: E0066 | B67: Ovi Khan | C67: Female | D67: Marketing | E67: SEO Specialist | F67: Intern | G67: Khulna | H67: 43456 | I67: 134863 | J67: E0831 | K67: =A67&B67&C67&D67&E67&F67&G67&H67&I67&J67&[1]Sheet1!$G$5 -> E0066Ovi KhanFemaleMarketingSEO SpecialistInternKhulna43456134863E0831Sylhet | L67: =MEDIAN(I67:I1066) -> 133251 | M67: =DATEDIF(H67,TODAY(),"Y") -> 7 | N67: =IF(M67<=2,"New",IF(M67<=5,"Mid level",IF(M67<=10,"Experienced","Long term"))) -> Experienced
A68: E0067 | B68: Imran Islam | C68: Male | D68: Engineering | E68: Software Engineer | F68: Full-time | G68: Remote | H68: 42584 | I68: 96418 | J68: E0179 | K68: =A68&B68&C68&D68&E68&F68&G68&H68&I68&J68&[1]Sheet1!$G$5 -> E0067Imran IslamMaleEngineeringSoftware EngineerFull-timeRemote4258496418E0179Sylhet | L68: =MEDIAN(I68:I1067) -> 133075.5 | M68: =DATEDIF(H68,TODAY(),"Y") -> 9 | N68: =IF(M68<=2,"New",IF(M68<=5,"Mid level",IF(M68<=10,"Experienced","Long term"))) -> Experienced
A69: E0068 | B69: Sumaiya Alam | C69: Male | D69: Operations | E69: Operations Associate | F69: Full-time | G69: Khulna | H69: 42889 | I69: 117217 | J69: E0161 | K69: =A69&B69&C69&D69&E69&F69&G69&H69&I69&J69&[1]Sheet1!$G$5 -> E0068Sumaiya AlamMaleOperationsOperations AssociateFull-timeKhulna42889117217E0161Sylhet | L69: =MEDIAN(I69:I1068) -> 133251 | M69: =DATEDIF(H69,TODAY(),"Y") -> 8 | N69: =IF(M69<=2,"New",IF(M69<=5,"Mid level",IF(M69<=10,"Experienced","Long term"))) -> Experienced
A70: E0069 | B70: Tania Ahmed | C70: Male | D70: Engineering | E70: Software Engineer | F70: Full-time | G70: Dhaka | H70: 45408 | I70: 119297 | J70: E0065 | K70: =A70&B70&C70&D70&E70&F70&G70&H70&I70&J70&[1]Sheet1!$G$5 -> E0069Tania AhmedMaleEngineeringSoftware EngineerFull-timeDhaka45408119297E0065Sylhet | L70: =MEDIAN(I70:I1069) -> 133493.5 | M70: =DATEDIF(H70,TODAY(),"Y") -> 1 | N70: =IF(M70<=2,"New",IF(M70<=5,"Mid level",IF(M70<=10,"Experienced","Long term"))) -> New
A71: E0070 | B71: Priya Talukder | C71: Male | D71: Customer Success | E71: Support Associate | F71: Full-time | G71: Dhaka | H71: 44094 | I71: 96180 | J71: E0159 | K71: =A71&B71&C71&D71&E71&F71&G71&H71&I71&J71&[1]Sheet1!$G$5 -> E0070Priya TalukderMaleCustomer SuccessSupport AssociateFull-timeDhaka4409496180E0159Sylhet | L71: =MEDIAN(I71:I1070) -> 133736 | M71: =DATEDIF(H71,TODAY(),"Y") -> 5 | N71: =IF(M71<=2,"New",IF(M71<=5,"Mid level",IF(M71<=10,"Experienced","Long term"))) -> Mid level
... A89: E0088 | B89: Mitu Chowdhury | C89: Male | D89: HR | E89: HR Associate | F89: Full-time | G89: Rajshahi | H89: 45578 | I89: 136974 | J89: E0404 | K89: =A89&B89&C89&D89&E89&F89&G89&H89&I89&J89&[1]Sheet1!$G$5 -> E0088Mitu ChowdhuryMaleHRHR AssociateFull-timeRajshahi45578136974E0404Sylhet | L89: =MEDIAN(I89:I1088) -> 133736 | M89: =DATEDIF(H89,TODAY(),"Y") -> 1 | N89: =IF(M89<=2,"New",IF(M89<=5,"Mid level",IF(M89<=10,"Experienced","Long term"))) -> New
A90: E0089 | B90: Nabila Sultana | C90: Male | D90: Operations | E90: Operations Manager | F90: Full-time | G90: Sylhet | H90: 45068 | I90: 127230 | K90: =A90&B90&C90&D90&E90&F90&G90&H90&I90&J90&[1]Sheet1!$G$5 -> E0089Nabila SultanaMaleOperationsOperations ManagerFull-timeSylhet45068127230Sylhet | L90: =MEDIAN(I90:I1089) -> 133493.5 | M90: =DATEDIF(H90,TODAY(),"Y") -> 2 | N90: =IF(M90<=2,"New",IF(M90<=5,"Mid level",IF(M90<=10,"Experienced","Long term"))) -> New
A91: E0090 | B91: Tamanna Parvin | C91: Male | D91: Marketing | E91: Marketing Associate | F91: Contract | G91: Rajshahi | H91: 44505 | I91: 147356 | J91: E0196 | K91: =A91&B91&C91&D91&E91&F91&G91&H91&I91&J91&[1]Sheet1!$G$5 -> E0090Tamanna ParvinMaleMarketingMarketing AssociateContractRajshahi44505147356E0196Sylhet | L91: =MEDIAN(I91:I1090) -> 133736 | M91: =DATEDIF(H91,TODAY(),"Y") -> 4 | N91: =IF(M91<=2,"New",IF(M91<=5,"Mid level",IF(M91<=10,"Experienced","Long term"))) -> Mid level
A92: E0091 | B92: Nafiz Ferdous | C92: Male | D92: Engineering | E92: Engineering Manager | F92: Full-time | G92: Remote | H92: 43605 | I92: 161402 | J92: E0330 | K92: =A92&B92&C92&D92&E92&F92&G92&H92&I92&J92&[1]Sheet1!$G$5 -> E0091Nafiz FerdousMaleEngineeringEngineering ManagerFull-timeRemote43605161402E0330Sylhet | L92: =MEDIAN(I92:I1091) -> 133493.5 | M92: =DATEDIF(H92,TODAY(),"Y") -> 6 | N92: =IF(M92<=2,"New",IF(M92<=5,"Mid level",IF(M92<=10,"Experienced","Long term"))) -> Experienced
A93: E0092 | B93: Nabila Sharmin | C93: Female | D93: Finance | E93: Senior Financial Analyst | F93: Intern | G93: Khulna | H93: 44246 | I93: 233536 | J93: E0197 | K93: =A93&B93&C93&D93&E93&F93&G93&H93&I93&J93&[1]Sheet1!$G$5 -> E0092Nabila SharminFemaleFinanceSenior Financial AnalystInternKhulna44246233536E0197Sylhet | L93: =MEDIAN(I93:I1092) -> 133251 | M93: =DATEDIF(H93,TODAY(),"Y") -> 5 | N93: =IF(M93<=2,"New",IF(M93<=5,"Mid level",IF(M93<=10,"Experienced","Long term"))) -> Mid level
A94: E0093 | B94: Rafi Sultana | C94: Female | D94: Finance | E94: Senior Financial Analyst | F94: Full-time | G94: Dhaka | H94: 45005 | I94: 257374 | J94: E0657 | K94: =A94&B94&C94&D94&E94&F94&G94&H94&I94&J94&[1]Sheet1!$G$5 -> E0093Rafi SultanaFemaleFinanceSenior Financial AnalystFull-timeDhaka45005257374E0657Sylhet | L94: =MEDIAN(I94:I1093) -> 133075.5 | M94: =DATEDIF(H94,TODAY(),"Y") -> 2 | N94: =IF(M94<=2,"New",IF(M94<=5,"Mid level",IF(M94<=10,"Experienced","Long term"))) -> New
A95: E0094 | B95: Arif Miah | C95: Male | D95: Marketing | E95: Growth Marketer | F95: Full-time | G95: Khulna | H95: 42497 | I95: 91158 | J95: E0592 | K95: =A95&B95&C95&D95&E95&F95&G95&H95&I95&J95&[1]Sheet1!$G$5 -> E0094Arif MiahMaleMarketingGrowth MarketerFull-timeKhulna4249791158E0592Sylhet | L95: =MEDIAN(I95:I1094) -> 132900 | M95: =DATEDIF(H95,TODAY(),"Y") -> 9 | N95: =IF(M95<=2,"New",IF(M95<=5,"Mid level",IF(M95<=10,"Experienced","Long term"))) -> Experienced
A96: E0095 | B96: Shawon Ferdous | C96: Male | D96: Operations | E96: Operations Associate | F96: Full-time | G96: Khulna | H96: 42619 | I96: 106333 | J96: E0684 | K96: =A96&B96&C96&D96&E96&F96&G96&H96&I96&J96&[1]Sheet1!$G$5 -> E0095Shawon FerdousMaleOperationsOperations AssociateFull-timeKhulna42619106333E0684Sylhet | L96: =MEDIAN(I96:I1095) -> 133075.5 | M96: =DATEDIF(H96,TODAY(),"Y") -> 9 | N96: =IF(M96<=2,"New",IF(M96<=5,"Mid level",IF(M96<=10,"Experienced","Long term"))) -> Experienced
A97: E0096 | B97: Fahim Sharmin | C97: Male | D97: Marketing | E97: Marketing Associate | F97: Full-time | G97: Remote | H97: 44331 | I97: 75235 | K97: =A97&B97&C97&D97&E97&F97&G97&H97&I97&J97&[1]Sheet1!$G$5 -> E0096Fahim SharminMaleMarketingMarketing AssociateFull-timeRemote4433175235Sylhet | L97: =MEDIAN(I97:I1096) -> 133251 | M97: =DATEDIF(H97,TODAY(),"Y") -> 4 | N97: =IF(M97<=2,"New",IF(M97<=5,"Mid level",IF(M97<=10,"Experienced","Long term"))) -> Mid level
A98: E0097 | B98: Sadia Rasheed | C98: Prefer not to say | D98: Marketing | E98: Marketing Associate | F98: Contract | G98: Dhaka | H98: 45840 | I98: 60785 | J98: E0453 | K98: =A98&B98&C98&D98&E98&F98&G98&H98&I98&J98&[1]Sheet1!$G$5 -> E0097Sadia RasheedPrefer not to sayMarketingMarketing AssociateContractDhaka4584060785E0453Sylhet | L98: =MEDIAN(I98:I1097) -> 133493.5 | M98: =DATEDIF(H98,TODAY(),"Y") -> 0 | N98: =IF(M98<=2,"New",IF(M98<=5,"Mid level",IF(M98<=10,"Experienced","Long term"))) -> New
A99: E0098 | B99: Rashed Talukder | C99: Male | D99: Sales | E99: Sales Associate | F99: Full-time | G99: Dhaka | H99: 44015 | I99: 55786 | J99: E0672 | K99: =A99&B99&C99&D99&E99&F99&G99&H99&I99&J99&[1]Sheet1!$G$5 -> E0098Rashed TalukderMaleSalesSales AssociateFull-timeDhaka4401555786E0672Sylhet | L99: =MEDIAN(I99:I1098) -> 133736 | M99: =DATEDIF(H99,TODAY(),"Y") -> 5 | N99: =IF(M99<=2,"New",IF(M99<=5,"Mid level",IF(M99<=10,"Experienced","Long term"))) -> Mid level
A100: E0099 | B100: Karim Shah | C100: Non-binary | D100: Engineering | E100: DevOps Engineer | F100: Full-time | G100: Sylhet | H100: 44116 | I100: 134271 | J100: E0663 | K100: =A100&B100&C100&D100&E100&F100&G100&H100&I100&J100&[1]Sheet1!$G$5 -> E0099Karim ShahNon-binaryEngineeringDevOps EngineerFull-timeSylhet44116134271E0663Sylhet | L100: =MEDIAN(I100:I1099) -> 133741 | M100: =DATEDIF(H100,TODAY(),"Y") -> 5 | N100: =IF(M100<=2,"New",IF(M100<=5,"Mid level",IF(M100<=10,"Experienced","Long term"))) -> Mid level
A101: E0100 | B101: Sadia Sadiq | C101: Female | D101: Engineering | E101: Software Engineer | F101: Full-time | G101: Sylhet | H101: 45180 | I101: 156178 | J101: E0045 | K101: =A101&B101&C101&D101&E101&F101&G101&H101&I101&J101&[1]Sheet1!$G$5 -> E0100Sadia SadiqFemaleEngineeringSoftware EngineerFull-timeSylhet45180156178E0045Sylhet | L101: =MEDIAN(I101:I1100) -> 133736 | M101: =DATEDIF(H101,TODAY(),"Y") -> 2 | N101: =IF(M101<=2,"New",IF(M101<=5,"Mid level",IF(M101<=10,"Experienced","Long term"))) -> New
A102: E0101 | B102: Rafi Parvin | C102: Male | D102: Engineering | E102: Junior Software Engineer | F102: Contract | G102: Rajshahi | H102: 42812 | I102: 131877 | J102: E0314 | K102: =A102&B102&C102&D102&E102&F102&G102&H102&I102&J102&[1]Sheet1!$G$5 -> E0101Rafi ParvinMaleEngineeringJunior Software EngineerContractRajshahi42812131877E0314Sylhet | L102: =MEDIAN(I102:I1101) -> 133493.5 | M102: =DATEDIF(H102,TODAY(),"Y") -> 8 | N102: =IF(M102<=2,"New",IF(M102<=5,"Mid level",IF(M102<=10,"Experienced","Long term"))) -> Experienced
A103: E0102 | B103: Shafiq Hossain | C103: Female | D103: HR | E103: HR Manager | F103: Full-time | G103: Chattogram | H103: 44378 | I103: 138408 | J103: E0855 | K103: =A103&B103&C103&D103&E103&F103&G103&H103&I103&J103&[1]Sheet1!$G$5 -> E0102Shafiq HossainFemaleHRHR ManagerFull-timeChattogram44378138408E0855Sylhet | L103: =MEDIAN(I103:I1102) -> 133736 | M103: =DATEDIF(H103,TODAY(),"Y") -> 4 | N103: =IF(M103<=2,"New",IF(M103<=5,"Mid level",IF(M103<=10,"Experienced","Long term"))) -> Mid level
A104: E0103 | B104: Esha Rana | C104: Female | D104: Product | E104: Senior Product Manager | F104: Contract | G104: Khulna | H104: 45287 | I104: 253791 | J104: E0383 | K104: =A104&B104&C104&D104&E104&F104&G104&H104&I104&J104&[1]Sheet1!$G$5 -> E0103Esha RanaFemaleProductSenior Product ManagerContractKhulna45287253791E0383Sylhet | L104: =MEDIAN(I104:I1103) -> 133493.5 | M104: =DATEDIF(H104,TODAY(),"Y") -> 2 | N104: =IF(M104<=2,"New",IF(M104<=5,"Mid level",IF(M104<=10,"Experienced","Long term"))) -> New
A105: E0104 | B105: Zahid Sharmin | C105: Male | D105: Marketing | E105: Marketing Manager | F105: Full-time | G105: Khulna | H105: 44186 | I105: 234882 | J105: E0774 | K105: =A105&B105&C105&D105&E105&F105&G105&H105&I105&J105&[1]Sheet1!$G$5 -> E0104Zahid SharminMaleMarketingMarketing ManagerFull-timeKhulna44186234882E0774Sylhet | L105: =MEDIAN(I105:I1104) -> 133251 | M105: =DATEDIF(H105,TODAY(),"Y") -> 5 | N105: =IF(M105<=2,"New",IF(M105<=5,"Mid level",IF(M105<=10,"Experienced","Long term"))) -> Mid level
A106: E0105 | B106: Rafi Khan | C106: Male | D106: Customer Success | E106: Customer Success Manager | F106: Full-time | G106: Dhaka | H106: 42671 | I106: 171732 | J106: E0980 | K106: =A106&B106&C106&D106&E106&F106&G106&H106&I106&J106&[1]Sheet1!$G$5 -> E0105Rafi KhanMaleCustomer SuccessCustomer Success ManagerFull-timeDhaka42671171732E0980Sylhet | L106: =MEDIAN(I106:I1105) -> 133075.5 | M106: =DATEDIF(H106,TODAY(),"Y") -> 9 | N106: =IF(M106<=2,"New",IF(M106<=5,"Mid level",IF(M106<=10,"Experienced","Long term"))) -> Experienced
A107: E0106 | B107: Rafi Miah | C107: Female | D107: Product | E107: Product Analyst | F107: Full-time | G107: Khulna | H107: 42700 | I107: 124374 | J107: E0828 | K107: =A107&B107&C107&D107&E107&F107&G107&H107&I107&J107&[1]Sheet1!$G$5 -> E0106Rafi MiahFemaleProductProduct AnalystFull-timeKhulna42700124374E0828Sylhet | L107: =MEDIAN(I107:I1106) -> 132900 | M107: =DATEDIF(H107,TODAY(),"Y") -> 9 | N107: =IF(M107<=2,"New",IF(M107<=5,"Mid level",IF(M107<=10,"Experienced","Long term"))) -> Experienced
A108: E0107 | B108: Ovi Haider | C108: Male | D108: Sales | E108: Account Executive | F108: Full-time | G108: Khulna | H108: 43689 | I108: 180577 | J108: E0861 | K108: =A108&B108&C108&D108&E108&F108&G108&H108&I108&J108&[1]Sheet1!$G$5 -> E0107Ovi HaiderMaleSalesAccount ExecutiveFull-timeKhulna43689180577E0861Sylhet | L108: =MEDIAN(I108:I1107) -> 133075.5 | M108: =DATEDIF(H108,TODAY(),"Y") -> 6 | N108: =IF(M108<=2,"New",IF(M108<=5,"Mid level",IF(M108<=10,"Experienced","Long term"))) -> Experienced
A109: E0108 | B109: Nabila Sadiq | C109: Male | D109: Finance | E109: Senior Financial Analyst | F109: Full-time | G109: Dhaka | H109: 44861 | I109: 214709 | J109: E0500 | K109: =A109&B109&C109&D109&E109&F109&G109&H109&I109&J109&[1]Sheet1!$G$5 -> E0108Nabila SadiqMaleFinanceSenior Financial AnalystFull-timeDhaka44861214709E0500Sylhet | L109: =MEDIAN(I109:I1108) -> 132900 | M109: =DATEDIF(H109,TODAY(),"Y") -> 3 | N109: =IF(M109<=2,"New",IF(M109<=5,"Mid level",IF(M109<=10,"Experienced","Long term"))) -> Mid level
A110: E0109 | B110: Rafi Banu | C110: Male | D110: Product | E110: Product Manager | F110: Full-time | G110: Remote | H110: 42977 | I110: 272489 | K110: =A110&B110&C110&D110&E110&F110&G110&H110&I110&J110&[1]Sheet1!$G$5 -> E0109Rafi BanuMaleProductProduct ManagerFull-timeRemote42977272489Sylhet | L110: =MEDIAN(I110:I1109) -> 132820 | M110: =DATEDIF(H110,TODAY(),"Y") -> 8 | N110: =IF(M110<=2,"New",IF(M110<=5,"Mid level",IF(M110<=10,"Experienced","Long term"))) -> Experienced
A111: E0110 | B111: Nadia Sarker | C111: Female | D111: Engineering | E111: Junior Software Engineer | F111: Full-time | G111: Rajshahi | H111: 42639 | I111: 179920 | J111: E0179 | K111: =A111&B111&C111&D111&E111&F111&G111&H111&I111&J111&[1]Sheet1!$G$5 -> E0110Nadia SarkerFemaleEngineeringJunior Software EngineerFull-timeRajshahi42639179920E0179Sylhet | L111: =MEDIAN(I111:I1110) -> 132740 | M111: =DATEDIF(H111,TODAY(),"Y") -> 9 | N111: =IF(M111<=2,"New",IF(M111<=5,"Mid level",IF(M111<=10,"Experienced","Long term"))) -> Experienced
A112: E0111 | B112: Shafiq Anjum | C112: Female | D112: Product | E112: Senior Product Manager | F112: Full-time | G112: Khulna | H112: 42886 | I112: 274622 | J112: E0080 | K112: =A112&B112&C112&D112&E112&F112&G112&H112&I112&J112&[1]Sheet1!$G$5 -> E0111Shafiq AnjumFemaleProductSenior Product ManagerFull-timeKhulna42886274622E0080Sylhet | L112: =MEDIAN(I112:I1111) -> 132553 | M112: =DATEDIF(H112,TODAY(),"Y") -> 8 | N112: =IF(M112<=2,"New",IF(M112<=5,"Mid level",IF(M112<=10,"Experienced","Long term"))) -> Experienced
A113: E0112 | B113: Tamanna Sultana | C113: Male | D113: Engineering | E113: Software Engineer | F113: Full-time | G113: Khulna | H113: 43496 | I113: 115486 | J113: E0156 | K113: =A113&B113&C113&D113&E113&F113&G113&H113&I113&J113&[1]Sheet1!$G$5 -> E0112Tamanna SultanaMaleEngineeringSoftware EngineerFull-timeKhulna43496115486E0156Sylhet | L113: =MEDIAN(I113:I1112) -> 132366 | M113: =DATEDIF(H113,TODAY(),"Y") -> 7 | N113: =IF(M113<=2,"New",IF(M113<=5,"Mid level",IF(M113<=10,"Experienced","Long term"))) -> Experienced
A114: E0113 | B114: Imran Shah | C114: Male | D114: Customer Success | E114: Support Associate | F114: Full-time | G114: Chattogram | H114: 44927 | I114: 47847 | J114: E0828 | K114: =A114&B114&C114&D114&E114&F114&G114&H114&I114&J114&[1]Sheet1!$G$5 -> E0113Imran ShahMaleCustomer SuccessSupport AssociateFull-timeChattogram4492747847E0828Sylhet | L114: =MEDIAN(I114:I1113) -> 132553 | M114: =DATEDIF(H114,TODAY(),"Y") -> 3 | N114: =IF(M114<=2,"New",IF(M114<=5,"Mid level",IF(M114<=10,"Experienced","Long term"))) -> Mid level
A115: E0114 | B115: Arif Mahmud | C115: Male | D115: Operations | E115: Supply Chain Analyst | F115: Full-time | G115: Dhaka | H115: 44963 | I115: 150407 | J115: E0008 | K115: =A115&B115&C115&D115&E115&F115&G115&H115&I115&J115&[1]Sheet1!$G$5 -> E0114Arif MahmudMaleOperationsSupply Chain AnalystFull-timeDhaka44963150407E0008Sylhet | L115: =MEDIAN(I115:I1114) -> 132740 | M115: =DATEDIF(H115,TODAY(),"Y") -> 3 | N115: =IF(M115<=2,"New",IF(M115<=5,"Mid level",IF(M115<=10,"Experienced","Long term"))) -> Mid level
A116: E0115 | B116: Sumaiya Sharmin | C116: Female | D116: HR | E116: HR Business Partner | F116: Intern | G116: Khulna | H116: 44767 | I116: 75402 | J116: E0190 | K116: =A116&B116&C116&D116&E116&F116&G116&H116&I116&J116&[1]Sheet1!$G$5 -> E0115Sumaiya SharminFemaleHRHR Business PartnerInternKhulna4476775402E0190Sylhet | L116: =MEDIAN(I116:I1115) -> 132553 | M116: =DATEDIF(H116,TODAY(),"Y") -> 3 | N116: =IF(M116<=2,"New",IF(M116<=5,"Mid level",IF(M116<=10,"Experienced","Long term"))) -> Mid level
A117: E0116 | B117: Zahid Rasheed | C117: Female | D117: Operations | E117: Supply Chain Analyst | F117: Full-time | G117: Chattogram | H117: 44616 | I117: 90308 | J117: E0831 | K117: =A117&B117&C117&D117&E117&F117&G117&H117&I117&J117&[1]Sheet1!$G$5 -> E0116Zahid RasheedFemaleOperationsSupply Chain AnalystFull-timeChattogram4461690308E0831Sylhet | L117: =MEDIAN(I117:I1116) -> 132740 | M117: =DATEDIF(H117,TODAY(),"Y") -> 4 | N117: =IF(M117<=2,"New",IF(M117<=5,"Mid level",IF(M117<=10,"Experienced","Long term"))) -> Mid level
A118: E0117 | B118: Shawon Rana | C118: Male | D118: Operations | E118: Operations Associate | F118: Full-time | G118: Remote | H118: 45286 | I118: 93271 | J118: E0728 | K118: =A118&B118&C118&D118&E118&F118&G118&H118&I118&J118&[1]Sheet1!$G$5 -> E0117Shawon RanaMaleOperationsOperations AssociateFull-timeRemote4528693271E0728Sylhet | L118: =MEDIAN(I118:I1117) -> 132820 | M118: =DATEDIF(H118,TODAY(),"Y") -> 2 | N118: =IF(M118<=2,"New",IF(M118<=5,"Mid level",IF(M118<=10,"Experienced","Long term"))) -> New
A119: E0118 | B119: Noman Morshed | C119: Female | D119: Engineering | E119: DevOps Engineer | F119: Intern | G119: Khulna | H119: 43701 | I119: 166489 | J119: E0102 | K119: =A119&B119&C119&D119&E119&F119&G119&H119&I119&J119&[1]Sheet1!$G$5 -> E0118Noman MorshedFemaleEngineeringDevOps EngineerInternKhulna43701166489E0102Sylhet | L119: =MEDIAN(I119:I1118) -> 132900 | M119: =DATEDIF(H119,TODAY(),"Y") -> 6 | N119: =IF(M119<=2,"New",IF(M119<=5,"Mid level",IF(M119<=10,"Experienced","Long term"))) -> Experienced
A120: E0119 | B120: Shawon Akter | C120: Female | D120: Operations | E120: Operations Associate | F120: Full-time | G120: Dhaka | H120: 43930 | I120: 127253 | J120: E0881 | K120: =A120&B120&C120&D120&E120&F120&G120&H120&I120&J120&[1]Sheet1!$G$5 -> E0119Shawon AkterFemaleOperationsOperations AssociateFull-timeDhaka43930127253E0881Sylhet | L120: =MEDIAN(I120:I1119) -> 132820 | M120: =DATEDIF(H120,TODAY(),"Y") -> 5 | N120: =IF(M120<=2,"New",IF(M120<=5,"Mid level",IF(M120<=10,"Experienced","Long term"))) -> Mid level
A121: E0120 | B121: Jannat Ahmed | C121: Male | D121: Marketing | E121: Marketing Associate | F121: Full-time | G121: Khulna | H121: 44816 | I121: 156698 | J121: E0780 | K121: =A121&B121&C121&D121&E121&F121&G121&H121&I121&J121&[1]Sheet1!$G$5 -> E0120Jannat AhmedMaleMarketingMarketing AssociateFull-timeKhulna44816156698E0780Sylhet | L121: =MEDIAN(I121:I1120) -> 132900 | M121: =DATEDIF(H121,TODAY(),"Y") -> 3 | N121: =IF(M121<=2,"New",IF(M121<=5,"Mid level",IF(M121<=10,"Experienced","Long term"))) -> Mid level
A122: E0121 | B122: Karim Banu | C122: Female | D122: Operations | E122: Operations Manager | F122: Full-time | G122: Chattogram | H122: 44543 | I122: 105032 | J122: E0684 | K122: =A122&B122&C122&D122&E122&F122&G122&H122&I122&J122&[1]Sheet1!$G$5 -> E0121Karim BanuFemaleOperationsOperations ManagerFull-timeChattogram44543105032E0684Sylhet | L122: =MEDIAN(I122:I1121) -> 132820 | M122: =DATEDIF(H122,TODAY(),"Y") -> 4 | N122: =IF(M122<=2,"New",IF(M122<=5,"Mid level",IF(M122<=10,"Experienced","Long term"))) -> Mid level
... A124: E0123 | B124: Jannat Akter | C124: Female | D124: Product | E124: Senior Product Manager | F124: Full-time | G124: Khulna | H124: 44228 | I124: 223604 | J124: E0150 | K124: =A124&B124&C124&D124&E124&F124&G124&H124&I124&J124&[1]Sheet1!$G$5 -> E0123Jannat AkterFemaleProductSenior Product ManagerFull-timeKhulna44228223604E0150Sylhet | L124: =MEDIAN(I124:I1123) -> 132820 | M124: =DATEDIF(H124,TODAY(),"Y") -> 5 | N124: =IF(M124<=2,"New",IF(M124<=5,"Mid level",IF(M124<=10,"Experienced","Long term"))) -> Mid level
A125: E0124 | B125: Noman Chowdhury | C125: Male | D125: Engineering | E125: DevOps Engineer | F125: Full-time | G125: Rajshahi | H125: 44440 | I125: 116353 | K125: =A125&B125&C125&D125&E125&F125&G125&H125&I125&J125&[1]Sheet1!$G$5 -> E0124Noman ChowdhuryMaleEngineeringDevOps EngineerFull-timeRajshahi44440116353Sylhet | L125: =MEDIAN(I125:I1124) -> 132740 | M125: =DATEDIF(H125,TODAY(),"Y") -> 4 | N125: =IF(M125<=2,"New",IF(M125<=5,"Mid level",IF(M125<=10,"Experienced","Long term"))) -> Mid level
A126: E0125 | B126: Tasnim Sadiq | C126: Male | D126: Product | E126: Product Manager | F126: Full-time | G126: Dhaka | H126: 44849 | I126: 323393 | J126: E0037 | K126: =A126&B126&C126&D126&E126&F126&G126&H126&I126&J126&[1]Sheet1!$G$5 -> E0125Tasnim SadiqMaleProductProduct ManagerFull-timeDhaka44849323393E0037Sylhet | L126: =MEDIAN(I126:I1125) -> 132820 | M126: =DATEDIF(H126,TODAY(),"Y") -> 3 | N126: =IF(M126<=2,"New",IF(M126<=5,"Mid level",IF(M126<=10,"Experienced","Long term"))) -> Mid level
A127: E0126 | B127: Arif Sultana | C127: Male | D127: Sales | E127: Account Executive | F127: Full-time | G127: Sylhet | H127: 44132 | I127: 204089 | K127: =A127&B127&C127&D127&E127&F127&G127&H127&I127&J127&[1]Sheet1!$G$5 -> E0126Arif SultanaMaleSalesAccount ExecutiveFull-timeSylhet44132204089Sylhet | L127: =MEDIAN(I127:I1126) -> 132740 | M127: =DATEDIF(H127,TODAY(),"Y") -> 5 | N127: =IF(M127<=2,"New",IF(M127<=5,"Mid level",IF(M127<=10,"Experienced","Long term"))) -> Mid level
A128: E0127 | B128: Sajid Islam | C128: Male | D128: Operations | E128: Operations Associate | F128: Full-time | G128: Sylhet | H128: 42776 | I128: 115492 | K128: =A128&B128&C128&D128&E128&F128&G128&H128&I128&J128&[1]Sheet1!$G$5 -> E0127Sajid IslamMaleOperationsOperations AssociateFull-timeSylhet42776115492Sylhet | L128: =MEDIAN(I128:I1127) -> 132553 | M128: =DATEDIF(H128,TODAY(),"Y") -> 9 | N128: =IF(M128<=2,"New",IF(M128<=5,"Mid level",IF(M128<=10,"Experienced","Long term"))) -> Experienced
A129: E0128 | B129: Mahin Khan | C129: Female | D129: Operations | E129: Supply Chain Analyst | F129: Full-time | G129: Sylhet | H129: 45618 | I129: 63509 | J129: E0585 | K129: =A129&B129&C129&D129&E129&F129&G129&H129&I129&J129&[1]Sheet1!$G$5 -> E0128Mahin KhanFemaleOperationsSupply Chain AnalystFull-timeSylhet4561863509E0585Sylhet | L129: =MEDIAN(I129:I1128) -> 132740 | M129: =DATEDIF(H129,TODAY(),"Y") -> 1 | N129: =IF(M129<=2,"New",IF(M129<=5,"Mid level",IF(M129<=10,"Experienced","Long term"))) -> New
A130: E0129 | B130: Mitu Ferdous | C130: Female | D130: Engineering | E130: Software Engineer | F130: Full-time | G130: Rajshahi | H130: 45244 | I130: 150359 | K130: =A130&B130&C130&D130&E130&F130&G130&H130&I130&J130&[1]Sheet1!$G$5 -> E0129Mitu FerdousFemaleEngineeringSoftware EngineerFull-timeRajshahi45244150359Sylhet | L130: =MEDIAN(I130:I1129) -> 132820 | M130: =DATEDIF(H130,TODAY(),"Y") -> 2 | N130: =IF(M130<=2,"New",IF(M130<=5,"Mid level",IF(M130<=10,"Experienced","Long term"))) -> New
A131: E0130 | B131: Nabila Rana | C131: Female | D131: Marketing | E131: Content Specialist | F131: Full-time | G131: Sylhet | H131: 42838 | I131: 188137 | J131: E0979 | K131: =A131&B131&C131&D131&E131&F131&G131&H131&I131&J131&[1]Sheet1!$G$5 -> E0130Nabila RanaFemaleMarketingContent SpecialistFull-timeSylhet42838188137E0979Sylhet | L131: =MEDIAN(I131:I1130) -> 132740 | M131: =DATEDIF(H131,TODAY(),"Y") -> 8 | N131: =IF(M131<=2,"New",IF(M131<=5,"Mid level",IF(M131<=10,"Experienced","Long term"))) -> Experienced
A132: E0131 | B132: Tania Biswas | C132: Male | D132: Sales | E132: Senior Account Executive | F132: Full-time | G132: Chattogram | H132: 45863 | I132: 180052 | J132: E0383 | K132: =A132&B132&C132&D132&E132&F132&G132&H132&I132&J132&[1]Sheet1!$G$5 -> E0131Tania BiswasMaleSalesSenior Account ExecutiveFull-timeChattogram45863180052E0383Sylhet | L132: =MEDIAN(I132:I1131) -> 132553 | M132: =DATEDIF(H132,TODAY(),"Y") -> 0 | N132: =IF(M132<=2,"New",IF(M132<=5,"Mid level",IF(M132<=10,"Experienced","Long term"))) -> New
A133: E0132 | B133: Lamia Haider | C133: Male | D133: Product | E133: Associate Product Manager | F133: Full-time | G133: Dhaka | H133: 45051 | I133: 331014 | J133: E0407 | K133: =A133&B133&C133&D133&E133&F133&G133&H133&I133&J133&[1]Sheet1!$G$5 -> E0132Lamia HaiderMaleProductAssociate Product ManagerFull-timeDhaka45051331014E0407Sylhet | L133: =MEDIAN(I133:I1132) -> 132366 | M133: =DATEDIF(H133,TODAY(),"Y") -> 2 | N133: =IF(M133<=2,"New",IF(M133<=5,"Mid level",IF(M133<=10,"Experienced","Long term"))) -> New
A134: E0133 | B134: Karim Rana | C134: Female | D134: Engineering | E134: Junior Software Engineer | F134: Full-time | G134: Rajshahi | H134: 45036 | I134: 150872 | J134: E0016 | K134: =A134&B134&C134&D134&E134&F134&G134&H134&I134&J134&[1]Sheet1!$G$5 -> E0133Karim RanaFemaleEngineeringJunior Software EngineerFull-timeRajshahi45036150872E0016Sylhet | L134: =MEDIAN(I134:I1133) -> 132359 | M134: =DATEDIF(H134,TODAY(),"Y") -> 2 | N134: =IF(M134<=2,"New",IF(M134<=5,"Mid level",IF(M134<=10,"Experienced","Long term"))) -> New
A135: E0134 | B135: Tasnim Talukder | C135: Female | D135: Sales | E135: Sales Associate | F135: Full-time | G135: Khulna | H135: 45519 | I135: 74066 | J135: E0109 | K135: =A135&B135&C135&D135&E135&F135&G135&H135&I135&J135&[1]Sheet1!$G$5 -> E0134Tasnim TalukderFemaleSalesSales AssociateFull-timeKhulna4551974066E0109Sylhet | L135: =MEDIAN(I135:I1134) -> 132352 | M135: =DATEDIF(H135,TODAY(),"Y") -> 1 | N135: =IF(M135<=2,"New",IF(M135<=5,"Mid level",IF(M135<=10,"Experienced","Long term"))) -> New
A136: E0135 | B136: Rafi Mahmud | C136: Male | D136: Customer Success | E136: Support Specialist | F136: Full-time | G136: Chattogram | H136: 44628 | I136: 71853 | J136: E0672 | K136: =A136&B136&C136&D136&E136&F136&G136&H136&I136&J136&[1]Sheet1!$G$5 -> E0135Rafi MahmudMaleCustomer SuccessSupport SpecialistFull-timeChattogram4462871853E0672Sylhet | L136: =MEDIAN(I136:I1135) -> 132359 | M136: =DATEDIF(H136,TODAY(),"Y") -> 4 | N136: =IF(M136<=2,"New",IF(M136<=5,"Mid level",IF(M136<=10,"Experienced","Long term"))) -> Mid level
A137: E0136 | B137: Sajid Kabir | C137: Male | D137: Sales | E137: Sales Associate | F137: Full-time | G137: Rajshahi | H137: 45322 | I137: 145378 | J137: E0061 | K137: =A137&B137&C137&D137&E137&F137&G137&H137&I137&J137&[1]Sheet1!$G$5 -> E0136Sajid KabirMaleSalesSales AssociateFull-timeRajshahi45322145378E0061Sylhet | L137: =MEDIAN(I137:I1136) -> 132366 | M137: =DATEDIF(H137,TODAY(),"Y") -> 2 | N137: =IF(M137<=2,"New",IF(M137<=5,"Mid level",IF(M137<=10,"Experienced","Long term"))) -> New
A138: E0137 | B138: Nadia Sultana | C138: Male | D138: Marketing | E138: SEO Specialist | F138: Intern | G138: Dhaka | H138: 43250 | I138: 80214 | J138: E0630 | K138: =A138&B138&C138&D138&E138&F138&G138&H138&I138&J138&[1]Sheet1!$G$5 -> E0137Nadia SultanaMaleMarketingSEO SpecialistInternDhaka4325080214E0630Sylhet | L138: =MEDIAN(I138:I1137) -> 132359 | M138: =DATEDIF(H138,TODAY(),"Y") -> 7 | N138: =IF(M138<=2,"New",IF(M138<=5,"Mid level",IF(M138<=10,"Experienced","Long term"))) -> Experienced
A139: E0138 | B139: Nadia Talukder | C139: Female | D139: Finance | E139: Financial Analyst | F139: Full-time | G139: Remote | H139: 44131 | I139: 153114 | K139: =A139&B139&C139&D139&E139&F139&G139&H139&I139&J139&[1]Sheet1!$G$5 -> E0138Nadia TalukderFemaleFinanceFinancial AnalystFull-timeRemote44131153114Sylhet | L139: =MEDIAN(I139:I1138) -> 132366 | M139: =DATEDIF(H139,TODAY(),"Y") -> 5 | N139: =IF(M139<=2,"New",IF(M139<=5,"Mid level",IF(M139<=10,"Experienced","Long term"))) -> Mid level
A140: E0139 | B140: Sumaiya Banu | C140: Female | D140: Sales | E140: Account Executive | F140: Full-time | G140: Chattogram | H140: 44219 | I140: 107540 | J140: E0357 | K140: =A140&B140&C140&D140&E140&F140&G140&H140&I140&J140&[1]Sheet1!$G$5 -> E0139Sumaiya BanuFemaleSalesAccount ExecutiveFull-timeChattogram44219107540E0357Sylhet | L140: =MEDIAN(I140:I1139) -> 132359 | M140: =DATEDIF(H140,TODAY(),"Y") -> 5 | N140: =IF(M140<=2,"New",IF(M140<=5,"Mid level",IF(M140<=10,"Experienced","Long term"))) -> Mid level
...

Sheet Requirements
A1: Data Preparation and Validation
A3: · Verify that employee identifiers are unique.
A5: · Ensure salary values are valid and greater than zero.
A7: · Identify and document missing reporting structure or location information.
A9: · Confirm that date fields are correctly formatted and logically consistent.
A11: · Standardize department and job title naming conventions.
A12: Analytical Questions
A14: 1. What is the distribution of employees across departments?
A16: 2. Which departments employ the largest number of staff members?
A18: 3. How is the workforce distributed across employment types?
A20: 4. Which locations host the largest number of employees?
A22: 5. What is the average compensation level within each department?
... A47: · Column chart presenting average tenure across departments.

Sheet List
A1: {=_xlfn.UNIQUE(abc_inc_employees_master!F2:F1001)} -> Full-time | B1: {=_xlfn.UNIQUE(abc_inc_employees_master!G2:G1001)} -> Khulna | C1: {=_xlfn.UNIQUE(abc_inc_employees_master!D2:D1001)} -> Sales | D1: {=_xlfn.UNIQUE(abc_inc_employees_master!C2:C1001)} -> Female | E1: {=_xlfn.UNIQUE(abc_inc_employees_master!E2:E1001)} -> Sales Associate
A2: Intern | B2: Remote | C2: Customer Success | D2: Male | E2: Support Specialist
A3: Contract | B3: Sylhet | C3: Finance | D3: Non-binary | E3: Finance Manager
B4: Dhaka | C4: HR | D4: Prefer not to say | E4: HR Business Partner
B5: Chattogram | C5: Engineering | E5: DevOps Engineer
B6: Rajshahi | C6: Operations | E6: QA Engineer
C7: Product | E7: Operations Manager
C8: Marketing | E8: HR Associate
E9: Financial Analyst
E10: Software Engineer
E11: Customer Success Manager
E12: Junior Software Engineer
E13: Engineering Manager
E14: Product Analyst
E15: Growth Marketer
E16: Sales Manager
E17: Senior Product Manager
E18: Supply Chain Analyst
E19: SEO Specialist
E20: Recruiter
... E33: Content Specialist

Sheet distribution 
A1: 1. What is the distribution of employees across departments?
A3: department | B3: Count of job_title
A4: Customer Success | B4: 100
A5: Engineering | B5: 238
A6: Finance | B6: 86
A7: HR | B7: 90
A8: Marketing | B8: 119
A9: Operations | B9: 126
A10: Product | B10: 94
A11: Sales | B11: 147
A12: (blank)
A13: Grand Total | B13: 1000

Sheet Sheet5
A2: 3. How is the workforce distributed across employment types?
A3: employment_type | B3: Count of employment_type
A4: Contract | B4: 120
A5: Full-time | B5: 832
A6: Intern | B6: 48
A7: Grand Total | B7: 1000

Sheet Sheet6
A3: location | B3: Count of location
A4: Chattogram | B4: 175
A5: Dhaka | B5: 179
A6: Khulna | B6: 173
A7: Rajshahi | B7: 155
A8: Remote | B8: 174
A9: Sylhet | B9: 144
A10: Grand Total | B10: 1000

Sheet Sheet8
C1: 4. Which locations host the largest number of employees?
A3: department | B3: Average of monthly_salary_bdt | C3: 5. What is the average compensation level within each department?
A4: Customer Success | B4: 99688.61
A5: Engineering | B5: 160669.97
A6: Finance | B6: 162531.94
A7: HR | B7: 102747.16
A8: Marketing | B8: 126445.07
A9: Operations | B9: 116932.31
A10: Product | B10: 210305.56
A11: Sales | B11: 142930.27
A12: (blank)
A13: Grand Total | B13: 141993.21

Sheet Sheet11
A3: job_title | B3: Count of manager_id
A4: Associate Product Manager | B4: 18
A5: Customer Success Manager | B5: 32
A6: Engineering Manager | B6: 19
A7: Finance Manager | B7: 11
A8: HR Manager | B8: 20
A9: Marketing Manager | B9: 16
A10: Operations Manager | B10: 33
A11: Product Manager | B11: 20
A12: Sales Manager | B12: 25
A13: Senior Product Manager | B13: 25
A14: Grand Total | B14: 219

Sheet Sheet13
A3: department | B3: job_title | C3: Average of Tenure | D3: Count of department
A4: Customer Success | C4: 4.63 | D4: 100
B5: Customer Success Manager | C5: 4.8235294 | D5: 34
B6: Support Associate | C6: 4.1515152 | D6: 33
B7: Support Specialist | C7: 4.9090909 | D7: 33
A8: Engineering | C8: 5.1008403 | D8: 238
B9: DevOps Engineer | C9: 4.5483871 | D9: 31
B10: Engineering Manager | C10: 3.5909091 | D10: 22
B11: Junior Software Engineer | C11: 5.3035714 | D11: 56
B12: QA Engineer | C12: 5.225 | D12: 40
B13: Senior Software Engineer | C13: 5.6052632 | D13: 38
B14: Software Engineer | C14: 5.3921569 | D14: 51
A15: Finance | C15: 4.7209302 | D15: 86
B16: Accounts Executive | C16: 4.173913 | D16: 23
B17: Finance Manager | C17: 5.3333333 | D17: 12
B18: Financial Analyst | C18: 4.9583333 | D18: 24
B19: Senior Financial Analyst | C19: 4.7037037 | D19: 27
A20: HR | C20: 4.4666667 | D20: 90
B21: HR Associate | C21: 4.4444444 | D21: 27
B22: HR Business Partner | C22: 4.4375 | D22: 16
B23: HR Manager | C23: 4.6818182 | D23: 22
B24: Recruiter | C24: 4.32 | D24: 25
A25: Marketing | C25: 5.1260504 | D25: 119
B26: Content Specialist | C26: 4.5151515 | D26: 33
B27: Growth Marketer | C27: 5.1363636 | D27: 22
B28: Marketing Associate | C28: 5.1666667 | D28: 30
B29: Marketing Manager | C29: 5.0555556 | D29: 18
B30: SEO Specialist | C30: 6.375 | D30: 16
A31: Operations | C31: 4.5952381 | D31: 126
B32: Operations Associate | C32: 4.3095238 | D32: 42
B33: Operations Manager | C33: 5.2432432 | D33: 37
B34: Supply Chain Analyst | C34: 4.3404255 | D34: 47
A35: Product | C35: 4.6170213 | D35: 94
B36: Associate Product Manager | C36: 5.1818182 | D36: 22
B37: Product Analyst | C37: 4.7307692 | D37: 26
B38: Product Manager | C38: 4.1428571 | D38: 21
B39: Senior Product Manager | C39: 4.4 | D39: 25
A40: Sales | C40: 4.9931973 | D40: 147
B41: Account Executive | C41: 5.4594595 | D41: 37
B42: Sales Associate | C42: 4.4883721 | D42: 43
B43: Sales Manager | C43: 4.7857143 | D43: 28
B44: Senior Account Executive | C44: 5.2564103 | D44: 39
A45: Grand Total | C45: 4.842 | D45: 1000

Sheet Sheet14
A3: department | B3: Sum of Tenure
A4: Customer Success | B4: 463
A5: Engineering | B5: 1214
A6: Finance | B6: 406
A7: HR | B7: 402
A8: Marketing | B8: 610
A9: Operations | B9: 579
A10: Product | B10: 434
A11: Sales | B11: 734
A12: Grand Total | B12: 4842

Sheet Sheet15
A3: department | B3: Tenure groups | C3: Count of Tenure groups
A4: Customer Success | C4: 100
B5: Experienced | C5: 39
B6: Mid level | C6: 34
B7: New | C7: 27
A8: Engineering | C8: 238
B9: Experienced | C9: 117
B10: Mid level | C10: 61
B11: New | C11: 60
A12: Finance | C12: 86
B13: Experienced | C13: 35
B14: Mid level | C14: 30
B15: New | C15: 21
A16: HR | C16: 90
B17: Experienced | C17: 33
B18: Mid level | C18: 28
B19: New | C19: 29
A20: Marketing | C20: 119
B21: Experienced | C21: 55
B22: Mid level | C22: 43
B23: New | C23: 21
A24: Operations | C24: 126
B25: Experienced | C25: 51
B26: Mid level | C26: 39
B27: New | C27: 36
A28: Product | C28: 94
B29: Experienced | C29: 36
B30: Mid level | C30: 31
B31: New | C31: 27
A32: Sales | C32: 147
B33: Experienced | C33: 67
B34: Mid level | C34: 43
B35: New | C35: 37
A36: Grand Total | C36: 1000
A38: In all departments, the majority of employees fall into the experienced category, followed by mid-level, and then new employees. This indicates that departments generally retain employees for longer periods, resulting in a workforce dominated by experienced members.”
A39: This distribution suggests that the organization may focus on retaining experienced staff to maintain knowledge continuity and ensure operational stability. Experienced employees likely provide mentorship to newer staff, which could explain the consistently higher numbers across departments
A40: In conclusion, the pattern between employee tenure and department is consistent
