Workbook
Name age: #REF!
Name count: #REF!
Name Slicer_Status: #N/A
Name Slicer_Task_Owner: #N/A
Name Slicer_Team: #N/A
Name worth: #REF!

Sheet Dashboard
B2: Task ID | C2: Task Name | D2: Team | E2: Task Owner | F2: Start Date | G2: Due Date | H2: Task Duration | I2: Status | J2: Overdue? | K2: Comments
B3: T001 | C3: Prepare Q4 Financial Report | D3: Finance | E3: Sarah Johnson | F3: 45902 | G3: 45920 | H3: =Table1[[#This Row],[Due Date]]-Table1[[#This Row],[Start Date]] -> 18 | I3: Completed | J3: =AND(Table1[[#This Row],[Status]]<>"Completed",Table1[[#This Row],[Due Date]]<TODAY()) -> FALSE | K3: Submitted to CFO for review.
B4: T002 | C4: Conduct Market Research | D4: Strategy | E4: Sarah Johnson | F4: 45905 | G4: 45925 | H4: =Table1[[#This Row],[Due Date]]-Table1[[#This Row],[Start Date]] -> 20 | I4: Completed | J4: =AND(Table1[[#This Row],[Status]]<>"Completed",Table1[[#This Row],[Due Date]]<TODAY()) -> FALSE | K4: Draft findings ready; awaiting survey data.
B5: T003 | C5: Redesign Website Homepage | D5: Strategy | E5: David Kim | F5: 45848 | G5: 45874 | H5: =Table1[[#This Row],[Due Date]]-Table1[[#This Row],[Start Date]] -> 26 | I5: Completed | J5: =AND(Table1[[#This Row],[Status]]<>"Completed",Table1[[#This Row],[Due Date]]<TODAY()) -> FALSE | K5: Wireframes approved; development in progress.
B6: T004 | C6: Update Sales Forecast for FY2026 | D6: Finance | E6: Sarah Johnson | F6: 45912 | G6: 45930 | H6: =Table1[[#This Row],[Due Date]]-Table1[[#This Row],[Start Date]] -> 18 | I6: Not Started | J6: =AND(Table1[[#This Row],[Status]]<>"Completed",Table1[[#This Row],[Due Date]]<TODAY()) -> TRUE | K6: Final version shared with Sales Director.
B7: T005 | C7: Implement CRM Upgrade | D7: Strategy | E7: James Miller | F7: 45915 | G7: 45940 | H7: =Table1[[#This Row],[Due Date]]-Table1[[#This Row],[Start Date]] -> 25 | I7: Completed | J7: =AND(Table1[[#This Row],[Status]]<>"Completed",Table1[[#This Row],[Due Date]]<TODAY()) -> FALSE | K7: Vendor confirmed delivery timeline.
B8: T006 | C8: Plan Annual Company Retreat | D8: HR | E8: David Kim | F8: 45918 | G8: 45945 | H8: =Table1[[#This Row],[Due Date]]-Table1[[#This Row],[Start Date]] -> 27 | I8: In Progress | J8: =AND(Table1[[#This Row],[Status]]<>"Completed",Table1[[#This Row],[Due Date]]<TODAY()) -> TRUE | K8: Venue options being shortlisted.
B9: T007 | C9: Review Legal for Contracts | D9: HR | E9: Alex Chen | F9: 45889 | G9: 45896 | H9: =Table1[[#This Row],[Due Date]]-Table1[[#This Row],[Start Date]] -> 7 | I9: Completed | J9: =AND(Table1[[#This Row],[Status]]<>"Completed",Table1[[#This Row],[Due Date]]<TODAY()) -> FALSE | K9: Updated contracts aligned with new regulation.
B10: T008 | C10: Launch Social Media Campaign | D10: Marketing | E10: Alex Chen | F10: 45922 | G10: 45942 | H10: =Table1[[#This Row],[Due Date]]-Table1[[#This Row],[Start Date]] -> 20 | I10: In Progress | J10: =AND(Table1[[#This Row],[Status]]<>"Completed",Table1[[#This Row],[Due Date]]<TODAY()) -> TRUE | K10: Initial creatives approved, campaign scheduled.
B11: T009 | C11: Recruit New Data Analyst | D11: HR | E11: Sarah Johnson | F11: 45923 | G11: 45950 | H11: =Table1[[#This Row],[Due Date]]-Table1[[#This Row],[Start Date]] -> 27 | I11: Completed | J11: =AND(Table1[[#This Row],[Status]]<>"Completed",Table1[[#This Row],[Due Date]]<TODAY()) -> FALSE | K11: First round of interviews completed.
B12: T010 | C12: Conduct Employee Survey | D12: HR | E12: Sarah Johnson | F12: 45924 | G12: 45935 | H12: =Table1[[#This Row],[Due Date]]-Table1[[#This Row],[Start Date]] -> 11 | I12: In Progress | J12: =AND(Table1[[#This Row],[Status]]<>"Completed",Table1[[#This Row],[Due Date]]<TODAY()) -> TRUE | K12: Survey questions finalized.
B13: T011 | C13: Prepare Investor Presentation | D13: Finance | E13: David Kim | F13: 45925 | G13: 45932 | H13: =Table1[[#This Row],[Due Date]]-Table1[[#This Row],[Start Date]] -> 7 | I13: Completed | J13: =AND(Table1[[#This Row],[Status]]<>"Completed",Table1[[#This Row],[Due Date]]<TODAY()) -> FALSE | K13: Draft slides ready; awaiting financial highlights.
B14: T012 | C14: Upgrade Infrastructure | D14: Strategy | E14: Sarah Johnson | F14: 45926 | G14: 45960 | H14: =Table1[[#This Row],[Due Date]]-Table1[[#This Row],[Start Date]] -> 34 | I14: Completed | J14: =AND(Table1[[#This Row],[Status]]<>"Completed",Table1[[#This Row],[Due Date]]<TODAY()) -> FALSE | K14: External consultant engagement pending.
... B21: T019 | C21: Annual financial report | D21: Finance | E21: David Kim | F21: 46008 | G21: 46018 | H21: =Table1[[#This Row],[Due Date]]-Table1[[#This Row],[Start Date]] -> 10 | I21: Completed | J21: =AND(Table1[[#This Row],[Status]]<>"Completed",Table1[[#This Row],[Due Date]]<TODAY()) -> FALSE | K21: Submitted the financial report

Sheet Support Sheet
B2: Status | C2: Count | E2: Owners | F2: Count | H2: Team | I2: Count | K2: Overdue
B3: Completed | C3: =COUNTIF(Table1[Status],'Support Sheet'!B3) -> 11 | E3: Sarah Johnson | F3: =COUNTIF(Table1[Task Owner],'Support Sheet'!E3) -> 6 | H3: Finance | I3: =COUNTIF(Table1[Team],'Support Sheet'!H3) -> 6 | K3: =COUNTIF(Table1[Overdue?],TRUE) -> 8
B4: In Progress | C4: =COUNTIF(Table1[Status],'Support Sheet'!B4) -> 6 | E4: David Kim | F4: =COUNTIF(Table1[Task Owner],'Support Sheet'!E4) -> 5 | H4: Strategy | I4: =COUNTIF(Table1[Team],'Support Sheet'!H4) -> 6
B5: Not Started | C5: =COUNTIF(Table1[Status],'Support Sheet'!B5) -> 2 | E5: James Miller | F5: =COUNTIF(Table1[Task Owner],'Support Sheet'!E5) -> 1 | H5: HR | I5: =COUNTIF(Table1[Team],'Support Sheet'!H5) -> 6
B6: Total | C6: =SUM(C3:C5) -> 19 | E6: Alex Chen | F6: =COUNTIF(Table1[Task Owner],'Support Sheet'!E6) -> 4 | H6: Marketing | I6: =COUNTIF(Table1[Team],'Support Sheet'!H6) -> 1
E7: Emily Davis | F7: =COUNTIF(Table1[Task Owner],'Support Sheet'!E7) -> 3

Sheet Sheet1
A2: Row Labels | B2: Count of Task Duration | D2: Row Labels | E2: Count of Task Duration
A3: Finance | B3: 6 | D3: Alex Chen | E3: 4
A4: HR | B4: 6 | D4: David Kim | E4: 5
A5: Marketing | B5: 1 | D5: Emily Davis | E5: 3
A6: Strategy | B6: 6 | D6: James Miller | E6: 1
A7: Grand Total | B7: 19 | D7: Sarah Johnson | E7: 6
D8: Grand Total | E8: 19
A26: Row Labels | B26: Sum of Count
A27: Completed | B27: 11
A28: In Progress | B28: 6
A29: Not Started | B29: 2
A30: Total | B30: 19

Sheet Sheet2
A3: Row Labels | B3: Count of Task ID
A4: Alex Chen | B4: 4
A5: David Kim | B5: 5
A6: Emily Davis | B6: 3
A7: James Miller | B7: 1
A8: Sarah Johnson | B8: 6
A9: Grand Total | B9: 19

Sheet Sheet3
A1: Data returned for Count of Task Duration, Emily Davis (First 1000 rows).
A3: Range[Task ID] | B3: Range[Task Name] | C3: Range[Team] | D3: Range[Task Owner] | E3: Range[Start Date] | F3: Range[Due Date] | G3: Range[Task Duration] | H3: Range[Status] | I3: Range[Overdue?] | J3: Range[Comments]
A4: T013 | B4: Evaluate Vendor Proposals for Logistics | C4: Strategy | D4: Emily Davis | E4: 45927 | F4: 45937 | G4: 10 | H4: In Progress | I4: TRUE | J4: Three proposals shortlisted for management review.
A5: T014 | B5: Draft Q1 Marketing Strategy | C5: Strategy | D5: Emily Davis | E5: 45928 | F5: 45948 | G5: 20 | H5: Completed | I5: FALSE | J5: Kick-off meeting scheduled next week.
A6: T015 | B6: Audit Internal Expense Reports | C6: Finance | D6: Emily Davis | E6: 45929 | F6: 45934 | G6: 5 | H6: In Progress | I6: TRUE | J6: Waiting for submission of all departmental reports.
