Workbook

Sheet Sheet1
A4: TASK BOARD
D5: =TODAY() -> 46150 | I5: =Sheet2!B2 -> 9 | K5: =Sheet2!B3 -> 3 | M5: =Sheet2!B4 -> 5 | O5: =Sheet2!B5 -> 4 | Q5: =Sheet2!B6 -> 3
B7: ID | C7: Status no | D7: Task | E7: Urgent | F7: Due date | G7: Status | I7: Incoming | K7: To Do | M7: In Progress | O7: Completed | Q7: On hold
B8: 1 | C8: =IF(OR(Table1[[#This Row],[Task]]="",Table1[[#This Row],[Status]]=""),"",Table1[[#This Row],[Status]]&COUNTIF(INDEX(Table1[Status],1):Table1[[#This Row],[Status]],Table1[[#This Row],[Status]])) -> Incoming1 | D8: Free text | E8: Yes | F8: 46134 | G8: Incoming | I8: =IFERROR(VLOOKUP($I$7&$B8,Table3[Status no]:Table1[Task],2,FALSE),"") -> Free text | K8: =IFERROR(VLOOKUP($K$7&$B8,Table3[Status no]:Table1[Task],2,FALSE),"") -> Mile stone one spreadsheet presentation | M8: =IFERROR(VLOOKUP($M$7&$B8,Table3[Status no]:Table1[Task],2,FALSE),"") -> Spreadsheet Project review | O8: =IFERROR(VLOOKUP($O$7&$B8,Table3[Status no]:Table1[Task],2,FALSE),"") -> Large dataset project review | Q8: =IFERROR(VLOOKUP($Q$7&$B8,Table3[Status no]:Table1[Task],2,FALSE),"") -> Spreadsheet Report
B9: 2 | C9: =IF(OR(Table1[[#This Row],[Task]]="",Table1[[#This Row],[Status]]=""),"",Table1[[#This Row],[Status]]&COUNTIF(INDEX(Table1[Status],1):Table1[[#This Row],[Status]],Table1[[#This Row],[Status]])) -> In Progress1 | D9: Spreadsheet Project review | E9: Yes | F9: 46138 | G9: In Progress | I9: =IFERROR(VLOOKUP($I$7&$B9,Table3[Status no]:Table1[Task],2,FALSE),"") -> Milestone 2 and 3 spreadsheet presentation | K9: =IFERROR(VLOOKUP($K$7&$B9,Table3[Status no]:Table1[Task],2,FALSE),"") -> Milestone 4 and 5 presentation | M9: =IFERROR(VLOOKUP($M$7&$B9,Table3[Status no]:Table1[Task],2,FALSE),"") -> Milestone 2 and 3 presentation | O9: =IFERROR(VLOOKUP($O$7&$B9,Table3[Status no]:Table1[Task],2,FALSE),"") -> Milestone 1 presentation | Q9: =IFERROR(VLOOKUP($Q$7&$B9,Table3[Status no]:Table1[Task],2,FALSE),"") -> Large dataset Reporting
B10: 3 | C10: =IF(OR(Table1[[#This Row],[Task]]="",Table1[[#This Row],[Status]]=""),"",Table1[[#This Row],[Status]]&COUNTIF(INDEX(Table1[Status],1):Table1[[#This Row],[Status]],Table1[[#This Row],[Status]])) -> To Do1 | D10: Mile stone one spreadsheet presentation | E10: Yes | F10: 46142 | G10: To Do | I10: =IFERROR(VLOOKUP($I$7&$B10,Table3[Status no]:Table1[Task],2,FALSE),"") -> Milestone 4 and 5 presentation | K10: =IFERROR(VLOOKUP($K$7&$B10,Table3[Status no]:Table1[Task],2,FALSE),"") -> Project Progress presentation | M10: =IFERROR(VLOOKUP($M$7&$B10,Table3[Status no]:Table1[Task],2,FALSE),"") -> GIS TERM PAPER | O10: =IFERROR(VLOOKUP($O$7&$B10,Table3[Status no]:Table1[Task],2,FALSE),"") -> R programming assignment 1 | Q10: =IFERROR(VLOOKUP($Q$7&$B10,Table3[Status no]:Table1[Task],2,FALSE),"") -> Data management online class
B11: 4 | C11: =IF(OR(Table1[[#This Row],[Task]]="",Table1[[#This Row],[Status]]=""),"",Table1[[#This Row],[Status]]&COUNTIF(INDEX(Table1[Status],1):Table1[[#This Row],[Status]],Table1[[#This Row],[Status]])) -> Incoming2 | D11: Milestone 2 and 3 spreadsheet presentation | E11: No | F11: 46146 | G11: Incoming | I11: =IFERROR(VLOOKUP($I$7&$B11,Table3[Status no]:Table1[Task],2,FALSE),"") -> AI PROGRAMMING CAT | K11: =IFERROR(VLOOKUP($K$7&$B11,Table3[Status no]:Table1[Task],2,FALSE),"") | M11: =IFERROR(VLOOKUP($M$7&$B11,Table3[Status no]:Table1[Task],2,FALSE),"") -> Final year project | O11: =IFERROR(VLOOKUP($O$7&$B11,Table3[Status no]:Table1[Task],2,FALSE),"") -> Mongo db Physical event | Q11: =IFERROR(VLOOKUP($Q$7&$B11,Table3[Status no]:Table1[Task],2,FALSE),"")
B12: 5 | C12: =IF(OR(Table1[[#This Row],[Task]]="",Table1[[#This Row],[Status]]=""),"",Table1[[#This Row],[Status]]&COUNTIF(INDEX(Table1[Status],1):Table1[[#This Row],[Status]],Table1[[#This Row],[Status]])) -> Incoming3 | D12: Milestone 4 and 5 presentation | E12: No | F12: 46149 | G12: Incoming | I12: =IFERROR(VLOOKUP($I$7&$B12,Table3[Status no]:Table1[Task],2,FALSE),"") -> Virtual Ai meeting | K12: =IFERROR(VLOOKUP($K$7&$B12,Table3[Status no]:Table1[Task],2,FALSE),"") | M12: =IFERROR(VLOOKUP($M$7&$B12,Table3[Status no]:Table1[Task],2,FALSE),"") -> Group work discussion seminar for ds | O12: =IFERROR(VLOOKUP($O$7&$B12,Table3[Status no]:Table1[Task],2,FALSE),"") | Q12: =IFERROR(VLOOKUP($Q$7&$B12,Table3[Status no]:Table1[Task],2,FALSE),"")
B13: 6 | C13: =IF(OR(Table1[[#This Row],[Task]]="",Table1[[#This Row],[Status]]=""),"",Table1[[#This Row],[Status]]&COUNTIF(INDEX(Table1[Status],1):Table1[[#This Row],[Status]],Table1[[#This Row],[Status]])) -> On hold1 | D13: Spreadsheet Report | E13: No | F13: 46152 | G13: On hold | I13: =IFERROR(VLOOKUP($I$7&$B13,Table3[Status no]:Table1[Task],2,FALSE),"") -> Group visitation to a childrens home | K13: =IFERROR(VLOOKUP($K$7&$B13,Table3[Status no]:Table1[Task],2,FALSE),"") | M13: =IFERROR(VLOOKUP($M$7&$B13,Table3[Status no]:Table1[Task],2,FALSE),"") | O13: =IFERROR(VLOOKUP($O$7&$B13,Table3[Status no]:Table1[Task],2,FALSE),"") | Q13: =IFERROR(VLOOKUP($Q$7&$B13,Table3[Status no]:Table1[Task],2,FALSE),"")
B14: 7 | C14: =IF(OR(Table1[[#This Row],[Task]]="",Table1[[#This Row],[Status]]=""),"",Table1[[#This Row],[Status]]&COUNTIF(INDEX(Table1[Status],1):Table1[[#This Row],[Status]],Table1[[#This Row],[Status]])) -> Completed1 | D14: Large dataset project review | E14: No | F14: 46132 | G14: Completed | I14: =IFERROR(VLOOKUP($I$7&$B14,Table3[Status no]:Table1[Task],2,FALSE),"") -> Tlx meeting cohort 26 | K14: =IFERROR(VLOOKUP($K$7&$B14,Table3[Status no]:Table1[Task],2,FALSE),"") | M14: =IFERROR(VLOOKUP($M$7&$B14,Table3[Status no]:Table1[Task],2,FALSE),"") | O14: =IFERROR(VLOOKUP($O$7&$B14,Table3[Status no]:Table1[Task],2,FALSE),"") | Q14: =IFERROR(VLOOKUP($Q$7&$B14,Table3[Status no]:Table1[Task],2,FALSE),"")
B15: 8 | C15: =IF(OR(Table1[[#This Row],[Task]]="",Table1[[#This Row],[Status]]=""),"",Table1[[#This Row],[Status]]&COUNTIF(INDEX(Table1[Status],1):Table1[[#This Row],[Status]],Table1[[#This Row],[Status]])) -> Completed2 | D15: Milestone 1 presentation | E15: No | F15: 46136 | G15: Completed | I15: =IFERROR(VLOOKUP($I$7&$B15,Table3[Status no]:Table1[Task],2,FALSE),"") -> tlx project discussion | K15: =IFERROR(VLOOKUP($K$7&$B15,Table3[Status no]:Table1[Task],2,FALSE),"") | M15: =IFERROR(VLOOKUP($M$7&$B15,Table3[Status no]:Table1[Task],2,FALSE),"") | O15: =IFERROR(VLOOKUP($O$7&$B15,Table3[Status no]:Table1[Task],2,FALSE),"") | Q15: =IFERROR(VLOOKUP($Q$7&$B15,Table3[Status no]:Table1[Task],2,FALSE),"")
B16: 9 | C16: =IF(OR(Table1[[#This Row],[Task]]="",Table1[[#This Row],[Status]]=""),"",Table1[[#This Row],[Status]]&COUNTIF(INDEX(Table1[Status],1):Table1[[#This Row],[Status]],Table1[[#This Row],[Status]])) -> In Progress2 | D16: Milestone 2 and 3 presentation | E16: Yes | F16: 46143 | G16: In Progress | I16: =IFERROR(VLOOKUP($I$7&$B16,Table3[Status no]:Table1[Task],2,FALSE),"") -> Facilitators virtual meeting | K16: =IFERROR(VLOOKUP($K$7&$B16,Table3[Status no]:Table1[Task],2,FALSE),"") | M16: =IFERROR(VLOOKUP($M$7&$B16,Table3[Status no]:Table1[Task],2,FALSE),"") | O16: =IFERROR(VLOOKUP($O$7&$B16,Table3[Status no]:Table1[Task],2,FALSE),"") | Q16: =IFERROR(VLOOKUP($Q$7&$B16,Table3[Status no]:Table1[Task],2,FALSE),"")
B17: 10 | C17: =IF(OR(Table1[[#This Row],[Task]]="",Table1[[#This Row],[Status]]=""),"",Table1[[#This Row],[Status]]&COUNTIF(INDEX(Table1[Status],1):Table1[[#This Row],[Status]],Table1[[#This Row],[Status]])) -> To Do2 | D17: Milestone 4 and 5 presentation | E17: Yes | F17: 46148 | G17: To Do | I17: =IFERROR(VLOOKUP($I$7&$B17,Table3[Status no]:Table1[Task],2,FALSE),"") | K17: =IFERROR(VLOOKUP($K$7&$B17,Table3[Status no]:Table1[Task],2,FALSE),"") | M17: =IFERROR(VLOOKUP($M$7&$B17,Table3[Status no]:Table1[Task],2,FALSE),"") | O17: =IFERROR(VLOOKUP($O$7&$B17,Table3[Status no]:Table1[Task],2,FALSE),"") | Q17: =IFERROR(VLOOKUP($Q$7&$B17,Table3[Status no]:Table1[Task],2,FALSE),"")
B18: 11 | C18: =IF(OR(Table1[[#This Row],[Task]]="",Table1[[#This Row],[Status]]=""),"",Table1[[#This Row],[Status]]&COUNTIF(INDEX(Table1[Status],1):Table1[[#This Row],[Status]],Table1[[#This Row],[Status]])) -> On hold2 | D18: Large dataset Reporting | E18: Yes | F18: 46156 | G18: On hold | I18: =IFERROR(VLOOKUP($I$7&$B18,Table3[Status no]:Table1[Task],2,FALSE),"") | K18: =IFERROR(VLOOKUP($K$7&$B18,Table3[Status no]:Table1[Task],2,FALSE),"") | M18: =IFERROR(VLOOKUP($M$7&$B18,Table3[Status no]:Table1[Task],2,FALSE),"") | O18: =IFERROR(VLOOKUP($O$7&$B18,Table3[Status no]:Table1[Task],2,FALSE),"") | Q18: =IFERROR(VLOOKUP($Q$7&$B18,Table3[Status no]:Table1[Task],2,FALSE),"")
B19: 12 | C19: =IF(OR(Table1[[#This Row],[Task]]="",Table1[[#This Row],[Status]]=""),"",Table1[[#This Row],[Status]]&COUNTIF(INDEX(Table1[Status],1):Table1[[#This Row],[Status]],Table1[[#This Row],[Status]])) -> In Progress3 | D19: GIS TERM PAPER | E19: Yes | F19: 46155 | G19: In Progress | I19: =IFERROR(VLOOKUP($I$7&$B19,Table3[Status no]:Table1[Task],2,FALSE),"") | K19: =IFERROR(VLOOKUP($K$7&$B19,Table3[Status no]:Table1[Task],2,FALSE),"") | M19: =IFERROR(VLOOKUP($M$7&$B19,Table3[Status no]:Table1[Task],2,FALSE),"") | O19: =IFERROR(VLOOKUP($O$7&$B19,Table3[Status no]:Table1[Task],2,FALSE),"") | Q19: =IFERROR(VLOOKUP($Q$7&$B19,Table3[Status no]:Table1[Task],2,FALSE),"")
... B30: 23 | C30: =IF(OR(Table1[[#This Row],[Task]]="",Table1[[#This Row],[Status]]=""),"",Table1[[#This Row],[Status]]&COUNTIF(INDEX(Table1[Status],1):Table1[[#This Row],[Status]],Table1[[#This Row],[Status]])) -> To Do3 | D30: Project Progress presentation | E30: No | F30: 46215 | G30: To Do | I30: =IFERROR(VLOOKUP($I$7&$B30,Table3[Status no]:Table1[Task],2,FALSE),"") | K30: =IFERROR(VLOOKUP($K$7&$B30,Table3[Status no]:Table1[Task],2,FALSE),"") | M30: =IFERROR(VLOOKUP($M$7&$B30,Table3[Status no]:Table1[Task],2,FALSE),"") | O30: =IFERROR(VLOOKUP($O$7&$B30,Table3[Status no]:Table1[Task],2,FALSE),"") | Q30: =IFERROR(VLOOKUP($Q$7&$B30,Table3[Status no]:Table1[Task],2,FALSE),"")
B31: 24 | C31: =IF(OR(Table1[[#This Row],[Task]]="",Table1[[#This Row],[Status]]=""),"",Table1[[#This Row],[Status]]&COUNTIF(INDEX(Table1[Status],1):Table1[[#This Row],[Status]],Table1[[#This Row],[Status]])) -> Incoming9 | D31: Facilitators virtual meeting | E31: Yes | F31: 46153 | G31: Incoming

Sheet Sheet2
B1: Count | C1: Urgent
A2: Incoming | B2: =COUNTIF(Table1[Status],Sheet2!A2) -> 9 | C2: =COUNTIFS(Table1[Status],Sheet2!A2,Table1[Urgent],"Yes") -> 4
A3: To Do | B3: =COUNTIF(Table1[Status],Sheet2!A3) -> 3 | C3: =COUNTIFS(Table1[Status],Sheet2!A3,Table1[Urgent],"Yes") -> 2
A4: In Progress | B4: =COUNTIF(Table1[Status],Sheet2!A4) -> 5 | C4: =COUNTIFS(Table1[Status],Sheet2!A4,Table1[Urgent],"Yes") -> 5
A5: Completed | B5: =COUNTIF(Table1[Status],Sheet2!A5) -> 4 | C5: =COUNTIFS(Table1[Status],Sheet2!A5,Table1[Urgent],"Yes") -> 1
A6: On hold | B6: =COUNTIF(Table1[Status],Sheet2!A6) -> 3 | C6: =COUNTIFS(Table1[Status],Sheet2!A6,Table1[Urgent],"Yes") -> 2
